brand,model,ram_gb,storage_gb,battery_mah,camera_mp,screen_inch,cpu_cores,price_million_vnd
Nokia,Nokia X49 #654,8.0,64.0,4278.0,64.0,5.5,6,15.92
Samsung,Galaxy Note43 #76,6.0,256.0,5904.0,48.0,5.2,8,35.06
XIAOMI,Redmi Note 10 5G #316,12.0,128.0,3995.0,108.0,6.0,6,18.88
Google,Pixel 6 #1347,6.0,256.0,4369.0,50.0,5.1,8,38.13
Apple,iPhone 15 Plus #571,3.0,128.0,4490.0,200.0,6.9,6,41.57
Oppo,Reno7 5G #918,4.0,256.0,4826.0,13.0,5.7,8,22.01
Asus,ROG Phone 5 #754,8.0,,3110.0,108.0,6.7,8,30.56
Vivo,V26 #552,6.0,128.0,4496.0,48.0,6.6,8,19.31
Samsung,Galaxy S46 #1339,16.0,256.0,5249.0,108.0,5.7,6,31.68
Samsung,Galaxy Z Fold13 #1193,8.0,256.0,5552.0,12.0,6.9,8,23.73
Xiaomi,Redmi 12 Pro #1083,3.0,128.0,3756.0,50.0,6.3,8,20.67
Nokia,Nokia X40 #874,16.0,256.0,5831.0,,5.4,8,22.46
Samsung,Galaxy A53 #1270,8.0,32.0,3945.0,13.0,5.2,8,24.11
Samsung,Galaxy S12 #579,8.0,256.0,4327.0,12.0,5.2,4,31.15
Xiaomi,Redmi 12 Pro #985,,128.0,4857.0,50.0,6.5,6,14.01
Realme,Realme 11 Pro #1414,2.0,128.0,5505.0,48.0,6.1,6,10.27
Vivo,V29 #1498,8.0,,5969.0,48.0,6.7,6,23.77
Xiaomi,Redmi Note 12 Pro #30,3.0,256.0,3713.0,48.0,6.1,8,18.57
Huawei,Nova 11 SE #49,8.0,256.0,4561.0,8.0,5.1,8,21.71
Nokia,Nokia X35 #240,8.0,128.0,4577.0,12.0,5.3,8,12.95
Oppo,Reno7 #309,,64.0,3114.0,64.0,6.0,8,19.1
Samsung,Galaxy Z Flip18 #352,6.0,64.0,3794.0,48.0,6.1,8,23.7
Realme,Realme 11 Pro #124,6.0,256.0,,108.0,5.6,8,20.53
Samsung,Galaxy Z Flip50 #1157,4.0,32.0,4920.0,8.0,5.9,8,20.96
Oppo,Reno10 Pro #650,8.0,128.0,4528.0,48.0,6.3,8,20.84
Realme,Realme 8 i #70,4.0,,3085.0,108.0,5.5,8,15.84
Asus,ROG Phone 5 #1497,12.0,64.0,3412.0,50.0,6.3,4,22.8
Samsung,Galaxy M44 #701,2.0,1024.0,5180.0,50.0,5.6,8,26.96
Realme,Realme 10 i #1102,6.0,128.0,3254.0,108.0,6.7,8,17.68
Apple,iPhone 12 Pro Max #1316,12.0,64.0,4787.0,13.0,6.7,8,43.96
Apple,iPhone 11 #1103,6.0,512.0,5889.0,48.0,6.3,8,56.36
Vivo,V28 Pro #1313,4.0,128.0,3665.0,64.0,5.4,8,18.28
Apple,iPhone 16 #1481,6.0,512.0,5626.0,64.0,5.7,4,48.65
Samsung,Galaxy S41 #583,8.0,128.0,5533.0,13.0,6.0,6,
Huawei,Nova 8 #1216,2.0,512.0,5985.0,13.0,6.4,8,21.95
Apple,iPhone 15 #1301,,256.0,5955.0,50.0,5.4,6,49.62
Asus,ROG Phone 6 #500,8.0,64.0,5693.0,108.0,6.7,8,31.87
Google,Pixel 7 Pro #1400,4.0,256.0,4008.0,12.0,5.3,4,33.63
Vivo,V29 e #1188,6.0,256.0,5254.0,50.0,6.3,8,22.36
Asus,ROG Phone 7 #485,8.0,128.0,4446.0,48.0,5.6,8,24.49
Vivo,V28 e #882,6.0,64.0,4185.0,50.0,5.6,8,17.9
Xiaomi,Redmi 12 #949,8.0,256.0,5354.0,200.0,5.1,4,19.67
Realme,Realme 11 #610,12.0,128.0,3196.0,200.0,5.4,8,20.1
Apple,iPhone 16 #490,16.0,256.0,4851.0,8.0,6.2,8,51.77
Vivo,V27 #353,4.0,256.0,4559.0,12.0,6.5,4,14.82
Nokia,Nokia C11 #261,6.0,256.0,4394.0,64.0,5.5,6,12.37
Realme,Realme 11 Pro #59,4.0,64.0,,13.0,6.8,4,
Apple,iPhone 12 #1037,8.0,256.0,3000.0,12.0,6.4,8,41.86
Vivo,V23 Pro #538,6.0,512.0,3530.0,12.0,5.9,8,19.15
Asus,ROG Phone 6 #1173,,128.0,5990.0,48.0,6.0,8,26.58
Apple,iPhone 12 #259,2.0,64.0,4701.0,48.0,5.9,6,34.47
Nokia,Nokia G31 #765,8.0,128.0,4308.0,48.0,6.2,8,
Xiaomi,Redmi 11 5G #1495,8.0,512.0,3110.0,12.0,5.0,6,16.13
Oppo,Reno11 Pro #1098,2.0,256.0,,8.0,5.5,4,18.27
Google,Pixel 8 Pro #1187,12.0,512.0,4082.0,12.0,5.1,6,47.08
Oppo,Reno9 Pro #462,3.0,256.0,3521.0,8.0,6.2,6,15.35
Oppo,Reno6 Pro #51,16.0,256.0,3813.0,108.0,5.7,8,30.96
Samsung,Galaxy Note20 #471,8.0,128.0,4842.0,13.0,6.0,8,23.18
Apple,iPhone 13 #344,8.0,256.0,,,5.3,8,43.69
Realme,Realme 11 i #677,6.0,128.0,3032.0,200.0,6.5,8,17.33
Asus,ROG Phone 6 #303,2.0,256.0,3320.0,200.0,6.7,4,27.23
Apple,iPhone 15 Pro Max #868,8.0,64.0,5213.0,13.0,6.4,8,46.55
Samsung,Galaxy Note22 #23,4.0,128.0,4946.0,48.0,6.3,8,22.31
Apple,iPhone 16 Pro #589,12.0,128.0,4742.0,48.0,6.0,8,50.31
Google,Pixel 7 Pro #1408,12.0,32.0,3166.0,12.0,5.7,8,32.97
Samsung,Galaxy Z Flip27 #461,,256.0,,50.0,5.4,4,24.89
Huawei,Nova 11 Pro #858,4.0,64.0,4580.0,50.0,5.3,8,21.52
Apple,iPhone 13 Plus #764,4.0,256.0,4327.0,64.0,6.0,6,49.32
Oppo,Reno8 5G #759,8.0,64.0,3392.0,8.0,6.7,8,20.44
Oppo,Reno9 Pro #168,8.0,512.0,,13.0,5.7,8,20.55
Samsung,Galaxy Note14 #1478,6.0,256.0,4839.0,48.0,6.2,8,31.22
Oppo,Reno6 5G #560,16.0,128.0,4206.0,8.0,6.4,8,26.43
REALME,Realme 11 i #567,12.0,128.0,5590.0,108.0,5.2,6,16.96
Oppo,Reno7 5G #1477,16.0,64.0,3105.0,,5.1,8,21.9
Oppo,Reno7 5G #237,8.0,128.0,5126.0,,6.2,8,19.85
Oppo,Reno9 Pro #907,12.0,128.0,3197.0,12.0,5.9,6,20.42
Samsung,Galaxy Note20 #1116,8.0,512.0,4281.0,48.0,6.4,4,30.95
Samsung,Galaxy M28 #420,4.0,,5158.0,64.0,5.5,8,26.66
Apple,iPhone 11 Pro #1328,3.0,64.0,5505.0,8.0,5.6,8,38.73
Xiaomi,Redmi 9 #99,16.0,256.0,5492.0,8.0,5.2,6,22.31
Samsung,Galaxy A12 #1025,2.0,128.0,3215.0,64.0,6.3,8,28.11
Samsung,Galaxy Note52 #824,6.0,64.0,5044.0,12.0,6.5,8,24.54
Realme,Realme 11 #415,8.0,256.0,3654.0,108.0,5.0,8,20.94
Vivo,V29 #67,3.0,256.0,5040.0,8.0,5.8,8,15.68
Samsung,Galaxy Z Fold44 #1105,4.0,64.0,5248.0,108.0,5.1,8,25.96
APPLE,iPhone 15 Plus #247,12.0,128.0,4152.0,8.0,6.4,8,48.99
Xiaomi,Redmi 10 Pro #1176,8.0,256.0,,108.0,6.2,8,22.05
Realme,Realme 9 Pro #788,12.0,256.0,4473.0,64.0,5.2,8,20.39
Xiaomi,Redmi Note 12 Pro #1352,8.0,128.0,5741.0,64.0,5.2,8,21.91
Xiaomi,Redmi Note 11 Pro+ #838,8.0,512.0,3518.0,48.0,5.8,8,27.42
Oppo,Reno9 Pro #554,12.0,128.0,5371.0,8.0,5.7,8,24.39
Oppo,Reno8 #809,8.0,64.0,5507.0,64.0,6.1,8,20.94
Samsung,Galaxy A45 #123,4.0,1024.0,3018.0,108.0,5.4,8,28.1
Samsung,Galaxy S16 #1132,12.0,128.0,4512.0,108.0,5.9,8,28.44
Xiaomi,Redmi 11 5G #1383,4.0,128.0,5779.0,13.0,5.4,8,17.24
Vivo,V20 Pro #422,4.0,128.0,4563.0,64.0,5.4,8,
Nokia,Nokia X10 #1063,3.0,256.0,4428.0,13.0,5.9,8,14.75
Xiaomi,Redmi 9 5G #1121,6.0,,3199.0,13.0,6.7,6,
Samsung,Galaxy S48 #1026,4.0,64.0,3742.0,,6.7,8,31.7
Samsung,Galaxy Z Flip23 #1448,12.0,512.0,3740.0,12.0,5.3,6,28.28
Samsung,Galaxy A27 #984,8.0,32.0,3800.0,108.0,6.8,8,25.05
Samsung,Galaxy Z Fold22 #1259,4.0,256.0,3393.0,12.0,6.6,6,21.46
Samsung,Galaxy Z Flip11 #239,3.0,256.0,3040.0,13.0,5.2,6,21.8
Oppo,Reno6 #367,8.0,128.0,4682.0,108.0,6.6,6,19.36
Oppo,Reno6 Pro #481,4.0,512.0,4187.0,50.0,5.8,8,24.42
Apple,iPhone 12 Pro #536,6.0,128.0,5912.0,200.0,5.0,6,50.2
Samsung,Galaxy S14 #1399,6.0,32.0,3214.0,48.0,6.5,4,23.1
Realme,Realme 10 i #486,4.0,512.0,5682.0,13.0,6.8,6,
Apple,iPhone 16 #990,8.0,256.0,4173.0,48.0,5.2,6,43.76
Oppo,Reno10 5G #1323,8.0,32.0,4932.0,200.0,6.8,8,17.57
Apple,iPhone 16 Pro #29,12.0,64.0,4276.0,13.0,6.9,8,
Samsung,Galaxy A41 #1029,16.0,128.0,4992.0,,5.4,8,30.86
Realme,Realme 9 #342,6.0,128.0,5158.0,13.0,5.0,6,13.27
Oppo,Reno9 Pro #846,4.0,128.0,5765.0,12.0,6.3,6,19.49
Google,Pixel 8 #416,12.0,256.0,4451.0,50.0,6.8,8,40.31
Apple,iPhone 14 Mini #65,4.0,128.0,4748.0,64.0,6.4,8,32.51
Vivo,V29 #358,6.0,128.0,4896.0,64.0,6.2,8,20.53
Apple,iPhone 12 Plus #1232,8.0,128.0,3768.0,,6.1,6,32.3
Samsung,Galaxy Z Fold42 #1258,6.0,128.0,3408.0,108.0,6.5,4,24.44
Realme,Realme 10 Pro #1035,2.0,128.0,5408.0,8.0,6.4,6,13.49
Vivo,V21 e #1174,3.0,1024.0,,200.0,5.6,8,23.72
Xiaomi,Redmi Note 12 Pro+ #141,12.0,256.0,3993.0,50.0,6.5,8,25.66
ASUS,ROG Phone 7 #799,8.0,256.0,4293.0,200.0,5.9,8,27.07
Samsung,Galaxy Z Flip40 #950,,256.0,5950.0,108.0,6.2,8,22.35
Nokia,Nokia C41 #514,12.0,64.0,3579.0,64.0,6.2,8,18570000.0
Oppo,Reno7 5G #724,8.0,128.0,5211.0,48.0,5.1,8,19.04
Xiaomi,Redmi 9 5G #275,6.0,128.0,4689.0,108.0,6.4,8,20.2
Samsung,Galaxy Z Flip46 #1274,12.0,256.0,4292.0,108.0,5.4,8,33.11
Asus,ROG Phone 5 #1107,16.0,256.0,3127.0,8.0,5.3,8,34.74
Xiaomi,Redmi 12 Pro #513,12.0,256.0,5521.0,12.0,6.6,6,16.55
Oppo,Reno10 Pro #626,8.0,128.0,5123.0,200.0,5.6,8,20.79
Huawei,Nova 11 #1138,,128.0,3110.0,108.0,6.0,8,
Oppo,Reno9 #1043,3.0,512.0,,200.0,5.3,8,23.14
Xiaomi,Redmi 10 Pro+ #925,6.0,128.0,,108.0,6.1,8,18.96
Vivo,V24 Pro #1006,12.0,64.0,3239.0,8.0,5.9,6,17.56
Google,Pixel 6 Pro #44,6.0,32.0,5308.0,48.0,5.7,8,37.24
Google,Pixel 6 a #1276,12.0,128.0,5479.0,8.0,6.6,4,33.7
Xiaomi,Redmi Note 10 Pro+ #270,2.0,128.0,4075.0,8.0,5.5,8,16.26
Apple,iPhone 14 Pro Max #405,4.0,128.0,4900.0,50.0,6.1,8,
Vivo,V25 e #1089,8.0,256.0,3474.0,64.0,6.1,8,21.01
Apple,iPhone 11 Plus #115,6.0,512.0,3048.0,64.0,5.4,8,
Samsung,Galaxy Note26 #1057,8.0,256.0,4739.0,64.0,5.2,8,29.74
Xiaomi,Redmi 12 5G #1000,8.0,1024.0,5411.0,50.0,6.1,8,20.38
Oppo,Reno7 Pro #792,12.0,128.0,4771.0,64.0,6.7,8,22.86
Oppo,Reno7 5G #527,16.0,128.0,4975.0,8.0,6.0,4,20.7
Apple,iPhone 16 Plus #432,3.0,128.0,3990.0,108.0,5.4,8,39.0
Apple,iPhone 12 #893,12.0,256.0,3338.0,200.0,5.7,8,57.92
Apple,iPhone 12 Pro #1196,12.0,32.0,4390.0,,5.6,8,45.93
Oppo,Reno9 Pro #78,3.0,256.0,3159.0,13.0,6.0,8,18.99
Huawei,Nova 10 #1233,6.0,128.0,4974.0,,6.3,8,26420000.0
Apple,iPhone 14 Pro #599,6.0,,3403.0,8.0,6.2,4,35.62
Vivo,V20 #936,8.0,128.0,5412.0,108.0,5.7,8,20.9
Samsung,Galaxy Z Flip19 #1080,8.0,128.0,3725.0,108.0,5.1,8,26.55
Apple,iPhone 15 #629,12.0,64.0,3172.0,50.0,6.4,6,53.86
Apple,iPhone 11 #1042,8.0,128.0,4075.0,,6.8,6,36.74
Apple,iPhone 15 Plus #15,6.0,64.0,4008.0,108.0,5.6,8,40.87
Nokia,Nokia X43 #1117,3.0,32.0,4008.0,108.0,5.2,6,11.96
Samsung,Galaxy A22 #1027,8.0,256.0,5639.0,8.0,5.3,8,
OPPO,Reno11 5G #175,8.0,128.0,3309.0,108.0,5.4,8,20.52
Vivo,V23 Pro #986,3.0,128.0,5209.0,64.0,6.8,8,17.09
Samsung,Galaxy Z Flip32 #1311,2.0,512.0,5131.0,,5.6,4,19.16
Samsung,Galaxy S25 #865,6.0,128.0,5285.0,200.0,6.5,8,30.24
XIAOMI,Redmi Note 10 5G #506,4.0,256.0,5597.0,64.0,5.9,8,
Huawei,Nova 11 #940,8.0,512.0,3205.0,50.0,6.6,8,25.68
Asus,ROG Phone 6 #365,12.0,512.0,3469.0,108.0,6.3,6,34.41
Xiaomi,Redmi Note 13 5G #548,6.0,64.0,5945.0,48.0,6.4,8,16.67
Google,Pixel 7 a #203,12.0,256.0,4985.0,108.0,6.2,8,
Apple,iPhone 13 Plus #780,8.0,64.0,4534.0,50.0,5.8,8,47.24
Apple,iPhone 14 Pro #1220,8.0,256.0,3817.0,108.0,5.9,8,47.18
Vivo,V26 #1296,6.0,256.0,5912.0,108.0,6.2,6,23.74
Apple,iPhone 11 #1261,8.0,64.0,4189.0,8.0,6.1,8,37.46
Nokia,Nokia X34 #808,4.0,128.0,5154.0,13.0,6.1,8,16.97
Samsung,Galaxy Z Fold50 #910,12.0,256.0,3981.0,13.0,5.4,4,35.14
Vivo,V21 #1387,12.0,64.0,5288.0,108.0,6.5,8,
Xiaomi,Redmi 9 5G #184,2.0,128.0,4987.0,108.0,6.1,6,17.43
Huawei,Nova 9 Pro #1464,12.0,512.0,5842.0,50.0,6.0,8,24.94
Xiaomi,Redmi Note 13 Pro #479,6.0,64.0,3868.0,50.0,5.7,8,19.82
Huawei,Nova 11 SE #56,3.0,256.0,5054.0,48.0,6.7,8,27.19
Asus,ROG Phone 5 #1145,6.0,128.0,3591.0,50.0,5.9,8,29.81
Realme,Realme 10 i #486,4.0,512.0,5682.0,13.0,6.8,6,
Oppo,Reno7 5G #383,6.0,128.0,3201.0,48.0,5.8,8,19.41
Oppo,Reno10 5G #43,12.0,1024.0,3164.0,48.0,5.3,8,23.11
Nokia,Nokia X45 #532,6.0,,4473.0,48.0,5.7,8,14.96
Xiaomi,Redmi 11 5G #755,3.0,32.0,4786.0,48.0,5.1,8,15.5
Apple,iPhone 16 #1182,3.0,64.0,5281.0,108.0,6.5,8,44.21
Asus,ROG Phone 7 #596,8.0,128.0,3452.0,13.0,6.8,8,29.56
Huawei,Nova 11 Pro #101,8.0,256.0,3446.0,8.0,6.0,4,18.84
Xiaomi,Redmi 13 Pro #551,4.0,256.0,4485.0,8.0,6.9,6,18.97
Samsung,Galaxy Z Flip36 #578,3.0,256.0,5608.0,108.0,5.6,8,28630000.0
Xiaomi,Redmi 11 #107,12.0,128.0,3280.0,8.0,5.8,4,18.78
Apple,iPhone 12 Plus #1289,2.0,128.0,3878.0,12.0,6.2,8,34.92
Xiaomi,Redmi 10 Pro+ #1068,6.0,64.0,3797.0,64.0,5.1,8,15.47
Oppo,Reno6 Pro #220,16.0,64.0,4248.0,13.0,5.2,8,16.54
Asus,ROG Phone 7 #943,4.0,64.0,5035.0,50.0,6.1,6,23.16
Samsung,Galaxy Note47 #451,3.0,256.0,5019.0,48.0,6.2,6,22.35
Vivo,V21 #1496,8.0,256.0,3182.0,108.0,5.1,8,17.1
Samsung,Galaxy A21 #886,8.0,256.0,5844.0,50.0,5.5,6,23980000.0
Vivo,V28 #722,12.0,128.0,4181.0,,6.0,6,20.75
Xiaomi,Redmi Note 13 #128,16.0,64.0,3470.0,12.0,5.9,8,24.74
Oppo,Reno10 #332,8.0,128.0,5170.0,50.0,6.5,8,18.62
SAMSUNG,Galaxy M30 #297,4.0,128.0,3591.0,108.0,6.3,8,29.39
Apple,iPhone 14 Pro #1461,,128.0,4624.0,8.0,5.7,8,46.53
Xiaomi,Redmi Note 10 #704,6.0,128.0,4548.0,13.0,5.9,8,16.76
Samsung,Galaxy M16 #678,8.0,128.0,5637.0,13.0,5.4,6,23.33
Samsung,Galaxy Z Flip20 #244,12.0,256.0,4094.0,13.0,6.1,8,31.21
Samsung,Galaxy Note47 #1215,6.0,512.0,4788.0,50.0,6.8,8,32.92
Realme,Realme 9 #661,8.0,256.0,5799.0,200.0,6.7,8,19.78
Asus,ROG Phone 7 #844,8.0,32.0,4499.0,13.0,5.9,8,19.93
Xiaomi,Redmi 13 Pro #706,8.0,512.0,4957.0,50.0,5.6,8,21.37
Asus,ROG Phone 6 #1167,6.0,128.0,3373.0,200.0,6.1,8,
Nokia,Nokia X33 #231,8.0,128.0,3215.0,8.0,5.6,6,14.51
Apple,iPhone 16 Pro Max #32,2.0,256.0,4246.0,200.0,6.7,8,45.02
Asus,ROG Phone 7 #1197,8.0,128.0,3134.0,12.0,6.4,8,24.83
Huawei,Nova 11 #494,3.0,128.0,3833.0,8.0,5.9,8,17.09
Xiaomi,Redmi 9 Pro #598,8.0,128.0,5680.0,50.0,5.7,8,20.82
Apple,iPhone 13 Pro Max #1288,8.0,64.0,3083.0,48.0,6.2,8,43.06
Xiaomi,Redmi Note 11 5G #1181,4.0,512.0,5057.0,48.0,5.1,6,20.37
Asus,ROG Phone 7 #350,8.0,128.0,,48.0,5.6,8,
Apple,iPhone 12 Pro Max #989,4.0,128.0,3016.0,200.0,6.6,8,31.32
Samsung,Galaxy A17 #1151,6.0,128.0,5171.0,48.0,6.8,8,28.02
Huawei,Nova 9 Pro #964,6.0,128.0,5698.0,12.0,6.4,4,22.22
Xiaomi,Redmi Note 10 Pro #1310,6.0,128.0,4876.0,8.0,6.0,8,17.42
Realme,Realme 9 i #411,8.0,64.0,4480.0,108.0,6.7,8,17.82
Huawei,Nova 10 #163,8.0,256.0,3857.0,200.0,6.7,8,
Apple,iPhone 11 Pro #903,,128.0,4442.0,12.0,6.5,8,39.14
Xiaomi,Redmi 11 #497,8.0,256.0,5227.0,8.0,5.7,8,19.39
Apple,iPhone 16 Pro Max #306,6.0,128.0,3283.0,108.0,6.3,8,
Oppo,Reno7 5G #433,6.0,64.0,4786.0,64.0,5.0,8,19.01
Samsung,Galaxy S40 #669,8.0,1024.0,4892.0,12.0,5.0,8,25.39
Apple,iPhone 14 Pro #599,6.0,,3403.0,8.0,6.2,4,35.62
Samsung,Galaxy Note38 #371,8.0,128.0,3746.0,108.0,5.6,8,29.09
Apple,iPhone 16 Pro Max #1421,,,5497.0,48.0,6.2,6,42.83
Apple,iPhone 14 Mini #1212,16.0,128.0,5687.0,108.0,5.2,4,59.72
Oppo,Reno9 Pro #1084,8.0,256.0,5422.0,200.0,5.9,6,27.34
Xiaomi,Redmi Note 9 #192,6.0,512.0,5971.0,8.0,5.2,8,22.53
Google,Pixel 8 Pro #1110,8.0,128.0,4308.0,13.0,5.4,8,32.79
Asus,ROG Phone 6 #1097,12.0,512.0,4060.0,200.0,6.7,4,31.3
Vivo,V23 e #926,6.0,256.0,3367.0,13.0,5.5,8,19.68
Vivo,V26 e #63,16.0,64.0,4925.0,13.0,6.1,8,16.61
Realme,Realme 8 i #707,16.0,,3610.0,48.0,6.2,6,20.33
Vivo,V28 #1146,12.0,64.0,5847.0,,5.2,8,17.26
Samsung,Galaxy A21 #1203,3.0,512.0,4773.0,200.0,6.5,8,
Realme,Realme 9 i #939,6.0,256.0,3960.0,48.0,6.5,6,18.92
Samsung,Galaxy M23 #908,16.0,64.0,3692.0,64.0,5.1,6,33.35
Samsung,Galaxy S47 #274,3.0,256.0,4444.0,8.0,5.3,8,25.93
Apple,iPhone 12 #1375,4.0,256.0,5182.0,13.0,5.2,8,35.37
Google,Pixel 6 Pro #668,12.0,512.0,5591.0,8.0,6.3,6,36.38
Oppo,Reno10 Pro #1377,8.0,256.0,,,5.4,8,23.25
Oppo,Reno7 5G #198,4.0,128.0,4371.0,13.0,5.4,8,18.97
XIAOMI,Redmi Note 9 5G #453,12.0,512.0,3538.0,50.0,5.5,8,22.0
Apple,iPhone 12 #339,3.0,128.0,4469.0,200.0,5.4,8,47.59
Samsung,Galaxy Z Flip23 #1036,8.0,256.0,4839.0,64.0,5.4,8,29.62
Oppo,Reno8 #889,8.0,256.0,4267.0,48.0,5.4,8,20.1
Xiaomi,Redmi 10 Pro+ #271,3.0,256.0,5790.0,50.0,6.6,8,18.2
Samsung,Galaxy Z Flip33 #576,4.0,,5568.0,13.0,5.2,6,20.84
Asus,ROG Phone 7 #218,4.0,128.0,5986.0,200.0,6.3,8,27.06
Xiaomi,Redmi Note 12 #796,,128.0,3102.0,12.0,6.8,6,16.72
Nokia,Nokia X42 #1236,4.0,512.0,5203.0,50.0,5.2,8,15.77
Xiaomi,Redmi Note 13 #427,16.0,64.0,4284.0,12.0,5.4,8,26.3
Oppo,Reno11 #351,4.0,256.0,3549.0,200.0,6.8,8,19.95
Nokia,Nokia G32 #1030,,256.0,3532.0,13.0,6.4,6,19600000.0
Apple,iPhone 15 Mini #1262,16.0,256.0,4249.0,108.0,6.0,8,53.5
Huawei,Nova 9 #324,16.0,64.0,5175.0,8.0,6.2,6,31.02
Huawei,Nova 10 SE #413,3.0,256.0,3756.0,8.0,6.8,6,20.19
Asus,ROG Phone 5 #1335,6.0,128.0,5379.0,200.0,6.7,8,
Oppo,Reno7 #1040,6.0,64.0,3342.0,,5.2,8,16.66
Apple,iPhone 12 Pro Max #694,4.0,128.0,,50.0,5.4,6,36.64
Asus,ROG Phone 5 #1093,8.0,128.0,4163.0,12.0,6.4,8,25.75
Asus,ROG Phone 7 #1483,2.0,256.0,5865.0,48.0,6.2,6,26.03
Xiaomi,Redmi Note 12 #1155,8.0,256.0,3022.0,200.0,6.4,8,
Huawei,Nova 10 #289,8.0,128.0,5178.0,64.0,5.2,8,24.53
Samsung,Galaxy Z Flip50 #1169,4.0,128.0,4729.0,12.0,6.8,6,23.54
Vivo,V29 Pro #1422,8.0,128.0,5983.0,13.0,6.5,4,19.32
APPLE,iPhone 15 #1005,6.0,256.0,4237.0,108.0,6.7,6,41.06
Realme,Realme 10 i #1004,6.0,128.0,4950.0,200.0,6.6,8,19.12
Oppo,Reno11 Pro #618,6.0,64.0,3965.0,108.0,5.0,6,19.4
Huawei,Nova 8 SE #997,6.0,256.0,3356.0,48.0,5.5,8,24.46
Vivo,V22 Pro #277,12.0,64.0,5451.0,50.0,6.6,6,23.42
Xiaomi,Redmi Note 13 #1189,12.0,64.0,4113.0,13.0,5.8,8,22.33
Apple,iPhone 12 Pro Max #861,4.0,64.0,5740.0,50.0,6.7,6,36.29
Xiaomi,Redmi Note 12 Pro+ #236,12.0,256.0,3128.0,8.0,5.3,8,19.73
Vivo,V24 Pro #614,6.0,128.0,4066.0,50.0,6.4,6,18.8
Huawei,Nova 8 SE #1330,4.0,1024.0,4928.0,12.0,6.0,6,22.12
Oppo,Reno10 #1475,3.0,256.0,4654.0,,5.0,6,21.57
Nokia,Nokia C16 #1397,8.0,256.0,4495.0,50.0,6.4,8,14.94
Vivo,V22 e #1302,2.0,64.0,5408.0,50.0,5.2,8,18.48
Oppo,Reno11 5G #208,8.0,128.0,3421.0,12.0,5.9,8,17.95
Xiaomi,Redmi Note 12 #380,4.0,1024.0,4538.0,12.0,6.8,6,16.91
Oppo,Reno8 5G #1247,6.0,256.0,5521.0,8.0,6.8,4,17.68
Realme,Realme 11 #938,8.0,32.0,3877.0,108.0,6.0,8,16.18
Nokia,Nokia C38 #58,16.0,256.0,3762.0,48.0,5.2,8,19.55
Vivo,V24 Pro #382,6.0,512.0,4826.0,64.0,5.8,4,
Apple,iPhone 12 #374,8.0,256.0,4230.0,50.0,6.5,6,45.78
Apple,iPhone 13 Mini #429,8.0,128.0,5926.0,48.0,5.7,8,46.31
Xiaomi,Redmi Note 13 Pro+ #994,8.0,128.0,3589.0,48.0,6.9,8,17.83
Apple,iPhone 11 Pro Max #1225,4.0,128.0,5806.0,48.0,6.1,8,
Asus,ROG Phone 7 #741,6.0,256.0,5447.0,200.0,6.2,8,32.63
Nokia,Nokia C38 #1235,3.0,256.0,4777.0,108.0,6.4,8,13.04
Oppo,Reno10 Pro #361,8.0,128.0,,13.0,5.6,4,15.51
Vivo,V25 #1079,8.0,,5122.0,,6.0,4,21.15
Google,Pixel 7 #464,3.0,128.0,3313.0,50.0,6.6,4,32.18
Asus,ROG Phone 5 #582,16.0,128.0,4177.0,108.0,6.6,6,29.73
Huawei,Nova 11 Pro #1178,3.0,64.0,3003.0,48.0,5.2,8,21.31
Samsung,Galaxy Z Fold25 #841,6.0,256.0,5662.0,48.0,6.6,8,26.11
Oppo,Reno9 5G #1067,6.0,128.0,3992.0,13.0,5.8,8,19.17
Nokia,Nokia X38 #233,6.0,1024.0,5738.0,200.0,5.0,8,21.74
Huawei,Nova 11 #1431,16.0,256.0,3900.0,64.0,5.7,8,28.22
Asus,ROG Phone 7 #196,6.0,128.0,3931.0,108.0,5.2,6,27.71
Xiaomi,Redmi Note 12 #664,12.0,128.0,5285.0,8.0,6.1,8,23.99
Samsung,Galaxy M32 #1287,8.0,256.0,4085.0,12.0,6.2,8,23.77
Asus,ROG Phone 6 #81,12.0,128.0,3560.0,108.0,5.2,8,26.57
Vivo,V24 e #1433,6.0,128.0,5769.0,48.0,6.0,8,19.6
Oppo,Reno6 Pro #998,8.0,128.0,5187.0,48.0,5.6,8,20.93
Samsung,Galaxy A53 #1429,8.0,128.0,,200.0,5.8,8,27.74
Apple,iPhone 15 Mini #111,2.0,256.0,4490.0,13.0,5.5,8,42.61
Asus,ROG Phone 5 #1304,4.0,256.0,4088.0,48.0,5.4,8,31.28
GOOGLE,Pixel 6 a #806,8.0,128.0,4685.0,50.0,5.9,8,33.63
Asus,ROG Phone 6 #1013,8.0,512.0,3971.0,8.0,5.5,4,26.1
Realme,Realme 11 i #1440,2.0,32.0,4325.0,,6.3,8,15.88
Vivo,V25 e #1293,8.0,256.0,3413.0,108.0,6.6,8,23.63
XIAOMI,Redmi 11 5G #674,4.0,128.0,3427.0,8.0,5.2,8,17.32
Samsung,Galaxy M42 #310,6.0,,5850.0,200.0,6.2,8,28.0
Xiaomi,Redmi Note 13 5G #611,8.0,512.0,3789.0,64.0,6.7,6,21.8
Apple,iPhone 15 Plus #922,16.0,512.0,4276.0,12.0,6.9,8,55.44
Apple,iPhone 12 Pro #917,12.0,256.0,5579.0,64.0,5.3,8,56.7
Oppo,Reno8 #845,16.0,64.0,5492.0,50.0,5.6,8,30.63
Xiaomi,Redmi Note 11 Pro+ #1133,,64.0,,8.0,6.4,4,15.26
Vivo,V24 e #619,16.0,128.0,5986.0,12.0,6.4,8,24.66
Huawei,Nova 9 #366,6.0,128.0,4184.0,12.0,6.8,8,23.48
Samsung,Galaxy Note23 #66,8.0,512.0,3529.0,48.0,6.2,8,31.28
Xiaomi,Redmi Note 11 5G #1242,12.0,256.0,4914.0,48.0,5.1,8,22.43
Xiaomi,Redmi 9 5G #425,6.0,64.0,3724.0,50.0,5.5,6,18.75
Samsung,Galaxy Z Flip30 #881,8.0,64.0,3869.0,48.0,5.3,8,23.94
Xiaomi,Redmi Note 11 Pro #829,3.0,128.0,4006.0,200.0,6.8,8,18.32
Vivo,V21 e #1353,12.0,128.0,5473.0,64.0,5.8,4,22.54
Apple,iPhone 13 #1403,16.0,32.0,5389.0,8.0,6.7,6,44.89
Vivo,V28 Pro #649,3.0,128.0,5490.0,8.0,6.7,8,20.42
Vivo,V24 #588,,128.0,4658.0,8.0,6.6,6,15.27
Huawei,Nova 11 #1209,4.0,32.0,4867.0,108.0,6.4,8,21.1
Samsung,Galaxy S28 #1430,6.0,64.0,3915.0,8.0,5.2,8,24.2
Asus,ROG Phone 5 #782,6.0,64.0,4693.0,200.0,6.3,8,33.51
Samsung,Galaxy Z Flip46 #1309,,128.0,3260.0,8.0,6.3,8,25.53
Xiaomi,Redmi Note 13 #254,,128.0,5051.0,64.0,6.7,4,15.07
Xiaomi,Redmi 11 #322,12.0,256.0,3702.0,200.0,5.2,6,23.09
Samsung,Galaxy S49 #1114,8.0,256.0,4580.0,108.0,5.9,8,32.4
Asus,ROG Phone 7 #428,6.0,256.0,3179.0,200.0,5.6,4,14.39
Vivo,V26 e #575,6.0,256.0,4283.0,200.0,6.5,8,27.17
Samsung,Galaxy A14 #1075,12.0,256.0,3813.0,48.0,6.6,4,25.25
Samsung,Galaxy S37 #869,2.0,128.0,4983.0,8.0,6.0,8,23.46
Oppo,Reno7 Pro #354,3.0,32.0,5580.0,200.0,5.8,6,18.86
Xiaomi,Redmi Note 13 #496,16.0,256.0,5278.0,200.0,6.4,8,30.68
Xiaomi,Redmi 9 5G #86,4.0,128.0,,,5.9,8,15.89
Oppo,Reno6 Pro #1450,8.0,,5980.0,64.0,6.6,6,19.68
Apple,iPhone 14 Pro #265,12.0,64.0,4720.0,108.0,5.1,8,46.04
Samsung,Galaxy M32 #287,6.0,128.0,4305.0,,6.1,8,30.51
Samsung,Galaxy Note20 #924,8.0,128.0,3299.0,48.0,6.8,6,30.94
Xiaomi,Redmi Note 9 #438,8.0,128.0,3504.0,8.0,6.1,8,14.41
Samsung,Galaxy Z Flip48 #1424,16.0,128.0,4748.0,12.0,6.2,6,23.6
Samsung,Galaxy Z Fold32 #1085,8.0,128.0,5195.0,13.0,5.4,8,34.76
Nokia,Nokia G41 #439,6.0,128.0,3730.0,12.0,5.7,8,15.08
Samsung,Galaxy A53 #756,12.0,256.0,4446.0,8.0,6.9,8,32.78
Samsung,Galaxy Z Fold30 #221,6.0,64.0,5919.0,200.0,5.5,6,29.82
Asus,ROG Phone 7 #113,8.0,512.0,,64.0,6.4,8,31.31
Nokia,Nokia C32 #590,2.0,1024.0,3058.0,,6.3,4,12760000.0
Samsung,Galaxy M51 #601,8.0,128.0,3576.0,108.0,5.6,8,27.26
Asus,ROG Phone 6 #174,8.0,64.0,5878.0,108.0,5.2,8,27.24
Vivo,V26 #552,6.0,128.0,4496.0,48.0,6.6,8,19.31
Oppo,Reno8 #381,4.0,512.0,4258.0,50.0,6.1,8,22.86
Nokia,Nokia X45 #1200,6.0,512.0,3845.0,12.0,6.1,8,13.78
Realme,Realme 10 i #18,3.0,128.0,4687.0,200.0,6.6,8,18.77
Google,Pixel 6 a #1190,12.0,128.0,3559.0,108.0,6.6,8,37.1
Apple,iPhone 16 Pro Max #285,8.0,128.0,5073.0,13.0,6.2,8,42.64
Oppo,Reno6 Pro #1210,8.0,64.0,4016.0,8.0,6.1,8,20.72
Oppo,Reno10 5G #746,8.0,256.0,3257.0,8.0,6.6,6,19.34
Vivo,V24 Pro #1221,16.0,64.0,3780.0,64.0,5.2,6,22.51
Xiaomi,Redmi Note 13 Pro #31,6.0,512.0,4761.0,200.0,5.5,8,19.94
Nokia,Nokia G42 #1161,6.0,64.0,4634.0,50.0,6.5,8,13.82
Xiaomi,Redmi Note 10 #210,6.0,128.0,4089.0,64.0,6.2,8,17.73
Samsung,Galaxy Note37 #999,3.0,64.0,3885.0,8.0,6.6,8,19.0
Realme,Realme 9 #478,6.0,64.0,5098.0,200.0,6.5,8,18.84
Samsung,Galaxy Z Flip51 #836,16.0,64.0,,200.0,6.6,8,31.3
Xiaomi,Redmi 12 5G #144,16.0,256.0,4914.0,200.0,6.5,6,25.18
Samsung,Galaxy Z Fold26 #962,4.0,64.0,5981.0,,5.9,4,18.45
Asus,ROG Phone 7 #394,8.0,512.0,3073.0,48.0,5.4,8,32.96
Xiaomi,Redmi Note 13 Pro+ #1192,12.0,128.0,4296.0,,5.6,8,20.02
Xiaomi,Redmi Note 11 Pro #188,3.0,256.0,5798.0,13.0,6.3,4,17.42
Samsung,Galaxy A48 #1175,4.0,128.0,3575.0,8.0,6.1,8,23.08
Vivo,V23 Pro #966,3.0,32.0,3777.0,48.0,5.2,8,16.57
Google,Pixel 7 #634,8.0,256.0,4670.0,48.0,5.5,6,46.0
Vivo,V22 #493,8.0,256.0,4143.0,13.0,6.6,8,22.75
Samsung,Galaxy S38 #1341,4.0,64.0,4438.0,200.0,6.3,6,
Realme,Realme 11 #931,6.0,,5916.0,48.0,6.7,8,16.59
APPLE,iPhone 15 Pro Max #83,8.0,128.0,4083.0,64.0,5.7,8,48.25
Vivo,V29 #693,8.0,128.0,5810.0,200.0,5.1,8,
Vivo,V27 e #48,8.0,128.0,3130.0,13.0,5.1,4,15.37
Oppo,Reno7 #1137,8.0,128.0,5154.0,12.0,6.7,8,22.44
Realme,Realme 8 i #155,16.0,256.0,,13.0,6.6,8,16.55
Nokia,Nokia C48 #426,4.0,128.0,3981.0,8.0,5.9,4,11.82
Samsung,Galaxy M47 #1163,16.0,,3328.0,64.0,5.4,8,30.73
Samsung,Galaxy A25 #435,12.0,128.0,4621.0,13.0,6.6,8,34.65
Vivo,V28 e #1073,3.0,128.0,,108.0,5.9,6,19.44
Apple,iPhone 12 #834,8.0,256.0,3526.0,13.0,5.2,4,41.78
Nokia,Nokia C24 #1255,8.0,512.0,3510.0,200.0,6.7,4,19.7
Apple,iPhone 13 #235,6.0,128.0,5895.0,12.0,5.2,8,38.41
Xiaomi,Redmi 12 Pro #535,8.0,64.0,5144.0,8.0,6.6,4,15.42
Xiaomi,Redmi Note 11 Pro+ #179,8.0,512.0,3071.0,200.0,6.8,8,20.25
Oppo,Reno11 5G #543,8.0,256.0,,200.0,6.0,8,20.94
Samsung,Galaxy Note32 #1273,3.0,32.0,4889.0,,6.9,6,21.48
Apple,iPhone 16 Pro #631,6.0,256.0,3085.0,108.0,5.8,8,47.2
SAMSUNG,Galaxy M18 #714,3.0,128.0,,8.0,6.2,8,24.15
Xiaomi,Redmi 10 5G #843,6.0,256.0,5021.0,48.0,5.7,8,
Nokia,Nokia G23 #363,8.0,64.0,4758.0,50.0,6.0,8,15.38
Google,Pixel 7 Pro #1201,12.0,32.0,5424.0,8.0,5.1,8,29.1
Samsung,Galaxy S13 #1223,6.0,128.0,5623.0,50.0,5.2,8,24.84
Oppo,Reno9 #346,6.0,64.0,3584.0,48.0,6.8,8,18.73
Google,Pixel 8 Pro #818,8.0,256.0,3353.0,108.0,5.7,8,37.76
Oppo,Reno11 #534,12.0,128.0,5686.0,13.0,5.4,8,21.58
Samsung,Galaxy Z Fold32 #679,6.0,512.0,5242.0,12.0,6.2,8,29.87
Apple,iPhone 16 Pro Max #1320,12.0,256.0,5838.0,12.0,6.3,8,
Nokia,Nokia C29 #607,8.0,128.0,4004.0,108.0,6.1,4,15.0
Samsung,Galaxy A16 #1269,8.0,256.0,4434.0,8.0,6.7,8,28.42
Vivo,V24 #941,6.0,64.0,4243.0,108.0,5.5,8,20.47
Xiaomi,Redmi 12 Pro+ #243,3.0,128.0,4959.0,48.0,5.1,8,15.38
Asus,ROG Phone 6 #1485,6.0,128.0,3961.0,50.0,6.8,8,22.91
Vivo,V25 Pro #1425,4.0,128.0,4342.0,,5.7,6,16.79
Oppo,Reno10 Pro #636,4.0,256.0,4846.0,108.0,6.2,4,19.69
Realme,Realme 11 Pro #1128,6.0,,5750.0,13.0,5.2,8,19.12
Oppo,Reno7 5G #1185,8.0,256.0,5674.0,,6.9,8,29.18
Google,Pixel 7 Pro #1090,8.0,128.0,4406.0,,5.8,6,36.02
Huawei,Nova 10 #1449,3.0,,3196.0,12.0,6.8,8,21.36
Oppo,Reno6 5G #812,4.0,256.0,4594.0,12.0,6.7,8,20.28
Vivo,V20 #308,16.0,256.0,3763.0,13.0,6.3,8,23.39
Samsung,Galaxy S14 #430,6.0,256.0,4840.0,50.0,5.7,6,25.76
Apple,iPhone 13 Pro Max #1101,6.0,256.0,5318.0,50.0,6.3,8,58.05
Apple,iPhone 15 Pro #398,3.0,512.0,5296.0,200.0,5.0,6,
Xiaomi,Redmi Note 9 5G #423,8.0,128.0,4179.0,13.0,6.0,8,18.76
Xiaomi,Redmi Note 10 #370,8.0,128.0,3203.0,8.0,5.4,8,18.6
Samsung,Galaxy A12 #54,4.0,128.0,3579.0,8.0,6.1,4,19.14
Apple,iPhone 13 #787,4.0,64.0,,64.0,6.4,4,41.27
Samsung,Galaxy Z Flip42 #1165,4.0,256.0,5909.0,64.0,6.6,6,25.31
Vivo,V22 e #993,3.0,,4405.0,12.0,6.4,8,17.65
Asus,ROG Phone 7 #312,12.0,256.0,4880.0,48.0,6.2,8,31.48
Vivo,V21 e #1340,4.0,256.0,5392.0,108.0,5.4,6,20.89
Samsung,Galaxy S52 #591,16.0,256.0,3515.0,48.0,5.9,8,43.19
Asus,ROG Phone 7 #109,12.0,128.0,4327.0,50.0,6.6,8,26.95
Huawei,Nova 11 #1088,4.0,1024.0,3601.0,12.0,5.9,8,27.23
Vivo,V29 e #810,8.0,,5072.0,50.0,6.5,8,25.6
Xiaomi,Redmi Note 11 Pro+ #100,6.0,64.0,5069.0,12.0,6.6,8,12.42
Samsung,Galaxy M44 #482,,128.0,3369.0,108.0,5.6,8,32.94
Samsung,Galaxy Z Flip28 #691,12.0,512.0,5821.0,200.0,5.8,8,41.31
Apple,iPhone 14 Plus #1404,6.0,128.0,5487.0,12.0,5.9,8,44.05
Xiaomi,Redmi 10 Pro+ #266,2.0,,3313.0,50.0,5.5,8,18.4
Xiaomi,Redmi 11 Pro+ #700,12.0,512.0,5431.0,48.0,6.6,6,26.14
Xiaomi,Redmi 13 Pro #296,6.0,128.0,4810.0,64.0,6.5,6,17.56
Nokia,Nokia X32 #1343,12.0,256.0,5105.0,64.0,6.5,8,19.96
Oppo,Reno9 #974,4.0,256.0,5358.0,13.0,6.8,8,18.81
Vivo,V23 e #720,8.0,32.0,4840.0,12.0,5.8,6,13.45
Apple,iPhone 13 Mini #1204,4.0,32.0,3472.0,,6.1,8,31.38
Oppo,Reno11 #377,6.0,64.0,4160.0,200.0,6.5,4,15.35
Samsung,Galaxy S36 #286,8.0,512.0,4352.0,108.0,5.4,8,26.17
Xiaomi,Redmi 11 5G #1468,6.0,128.0,5991.0,108.0,6.2,6,20.16
Vivo,V22 #752,6.0,128.0,4899.0,,6.5,8,19.03
Oppo,Reno11 Pro #126,8.0,64.0,5459.0,200.0,5.4,6,22.2
Vivo,V22 #327,,256.0,5896.0,,6.1,8,18.52
Google,Pixel 7 a #292,12.0,128.0,4092.0,13.0,5.1,6,46.59
Nokia,Nokia X35 #566,8.0,1024.0,,200.0,5.8,6,19.71
Apple,iPhone 14 Pro #1395,4.0,256.0,3954.0,48.0,6.0,8,46.71
Vivo,V20 e #670,3.0,64.0,3419.0,8.0,6.9,8,12.62
Asus,ROG Phone 5 #355,8.0,64.0,4440.0,50.0,6.0,8,22.91
Google,Pixel 7 a #1245,2.0,256.0,4723.0,12.0,5.4,6,30.74
Huawei,Nova 8 SE #170,8.0,1024.0,4857.0,50.0,6.1,6,28.24
Oppo,Reno8 5G #1391,8.0,512.0,3078.0,12.0,5.8,8,17.95
Apple,iPhone 14 #528,16.0,128.0,3947.0,50.0,5.8,6,58.77
Samsung,Galaxy Note39 #643,8.0,256.0,3613.0,108.0,6.8,4,30.82
Samsung,Galaxy A28 #1295,4.0,256.0,3791.0,64.0,6.2,8,26.8
Oppo,Reno9 #209,12.0,256.0,3919.0,50.0,6.5,8,25.75
Xiaomi,Redmi Note 12 Pro+ #620,8.0,128.0,4072.0,50.0,5.3,8,16.24
Xiaomi,Redmi Note 13 Pro #1349,4.0,128.0,5948.0,48.0,6.6,6,17.25
Oppo,Reno10 #140,8.0,128.0,5246.0,48.0,6.7,8,21.6
Asus,ROG Phone 5 #1100,16.0,64.0,3830.0,108.0,5.3,8,29.06
Google,Pixel 7 #1054,12.0,32.0,5094.0,8.0,5.7,8,40.72
Vivo,V20 Pro #1170,16.0,256.0,4918.0,48.0,6.6,8,29.41
Xiaomi,Redmi Note 11 Pro #1213,6.0,256.0,3622.0,108.0,6.9,8,19.94
Nokia,Nokia G21 #817,6.0,256.0,5744.0,200.0,5.8,6,19.83
Xiaomi,Redmi 9 5G #1246,4.0,256.0,4694.0,108.0,6.7,4,20.88
Xiaomi,Redmi 9 #615,,256.0,5157.0,13.0,5.4,8,19.32
Xiaomi,Redmi Note 9 5G #199,4.0,32.0,3443.0,12.0,6.8,6,15.05
Vivo,V24 Pro #1050,12.0,256.0,,64.0,6.5,6,21.19
Oppo,Reno9 5G #1240,6.0,128.0,5099.0,200.0,5.9,6,21.49
Vivo,V28 Pro #730,6.0,128.0,,,6.0,4,15.36
Nokia,Nokia G36 #745,6.0,32.0,5056.0,200.0,6.8,8,17.9
Google,Pixel 7 a #1426,8.0,128.0,5785.0,200.0,5.5,6,47.94
Vivo,V24 Pro #10,4.0,256.0,3562.0,64.0,6.7,8,19.66
Samsung,Galaxy Z Fold14 #147,8.0,128.0,3887.0,,6.5,6,30.14
Apple,iPhone 12 Pro Max #743,8.0,128.0,5499.0,108.0,5.0,8,44.25
Samsung,Galaxy A53 #282,12.0,256.0,3920.0,64.0,5.5,8,
Samsung,Galaxy M40 #298,8.0,128.0,5990.0,12.0,5.1,8,26.8
Xiaomi,Redmi Note 11 Pro #721,12.0,128.0,5658.0,200.0,5.4,6,
Realme,Realme 8 i #291,2.0,64.0,5905.0,64.0,6.7,8,17.16
Oppo,Reno6 Pro #526,6.0,256.0,,200.0,5.9,8,20.54
Asus,ROG Phone 5 #1058,12.0,256.0,5164.0,50.0,5.1,4,23.25
Xiaomi,Redmi 11 #1374,6.0,1024.0,4845.0,48.0,5.4,8,20.17
Oppo,Reno8 5G #570,12.0,256.0,5502.0,8.0,6.8,8,21.71
Realme,Realme 8 i #522,2.0,128.0,3564.0,13.0,5.1,6,
Apple,iPhone 16 Pro Max #129,6.0,128.0,4576.0,200.0,5.9,6,49.35
Apple,iPhone 12 Plus #597,6.0,128.0,3081.0,108.0,5.8,8,36.07
Xiaomi,Redmi 13 Pro #331,6.0,128.0,5235.0,48.0,6.4,8,23.46
Apple,iPhone 16 Mini #323,8.0,128.0,5905.0,8.0,5.4,6,44.42
Samsung,Galaxy Z Fold38 #1453,6.0,128.0,5772.0,108.0,5.6,6,29.06
Oppo,Reno6 Pro #1018,,128.0,3842.0,200.0,6.2,6,21.64
Huawei,Nova 11 Pro #651,4.0,256.0,3058.0,48.0,6.7,8,26.11
Huawei,Nova 11 Pro #135,16.0,256.0,5645.0,64.0,6.4,8,27.21
Samsung,Galaxy Z Fold54 #544,3.0,64.0,3935.0,12.0,6.8,6,18.36
Samsung,Galaxy M47 #946,8.0,128.0,5982.0,48.0,6.4,8,31.19
Samsung,Galaxy S51 #680,16.0,32.0,3537.0,200.0,5.3,8,27.8
Realme,Realme 10 i #711,6.0,512.0,3761.0,12.0,6.3,6,18.47
Apple,iPhone 11 Pro Max #158,6.0,128.0,3411.0,108.0,6.1,8,52.45
Google,Pixel 8 a #852,8.0,128.0,4616.0,8.0,5.3,8,37.83
Vivo,V26 #1492,16.0,64.0,5978.0,200.0,5.6,6,20.79
Xiaomi,Redmi Note 12 Pro #195,6.0,64.0,3063.0,12.0,5.6,8,15.49
Samsung,Galaxy S52 #1486,16.0,512.0,4686.0,12.0,5.2,8,37.29
Asus,ROG Phone 6 #529,12.0,256.0,5227.0,12.0,6.2,8,31.58
Samsung,Galaxy Z Fold36 #410,8.0,64.0,5079.0,200.0,6.8,6,26.61
Vivo,V23 Pro #96,12.0,256.0,4449.0,13.0,6.6,6,19.42
Vivo,V29 #602,8.0,256.0,5071.0,,5.9,8,20.96
Xiaomi,Redmi 9 5G #156,6.0,512.0,5928.0,8.0,5.2,8,19.7
Vivo,V24 #419,4.0,256.0,5646.0,48.0,6.7,8,22.71
Huawei,Nova 9 Pro #660,4.0,256.0,3286.0,50.0,6.1,6,24.32
Oppo,Reno6 Pro #477,4.0,256.0,5941.0,50.0,5.9,8,20.08
Samsung,Galaxy Z Flip49 #628,8.0,32.0,3532.0,200.0,5.6,8,27.9
Xiaomi,Redmi Note 11 5G #879,12.0,256.0,4197.0,108.0,5.1,8,27.87
Oppo,Reno6 #965,16.0,256.0,4400.0,13.0,5.5,6,24.01
Xiaomi,Redmi 12 Pro #447,,256.0,5181.0,8.0,5.2,8,21.65
Vivo,V23 #178,6.0,256.0,5708.0,64.0,5.1,8,22.12
Google,Pixel 6 #390,,256.0,4259.0,13.0,6.3,8,45.95
Oppo,Reno9 Pro #1317,12.0,64.0,3564.0,12.0,6.4,4,20.18
Google,Pixel 8 #1144,8.0,512.0,3626.0,13.0,5.8,4,33.33
Apple,iPhone 14 Mini #1268,12.0,512.0,4899.0,12.0,6.2,8,57260000.0
Apple,iPhone 14 Mini #1078,8.0,,3409.0,13.0,5.7,8,48.19
Oppo,Reno8 5G #1420,8.0,,3905.0,50.0,5.0,8,21.18
Vivo,V22 #887,,128.0,4946.0,8.0,5.2,4,18.9
Samsung,Galaxy Note26 #932,,64.0,4422.0,108.0,6.6,4,23.35
Nokia,Nokia G37 #813,6.0,256.0,5492.0,,5.9,4,19.64
Huawei,Nova 11 Pro #767,6.0,512.0,3690.0,13.0,6.1,8,24.89
SAMSUNG,Galaxy M52 #811,6.0,256.0,4036.0,48.0,6.5,6,23.61
Apple,iPhone 14 Plus #294,3.0,256.0,4438.0,48.0,5.4,8,42.33
NOKIA,Nokia G44 #561,12.0,128.0,4271.0,,5.7,4,17.53
Samsung,Galaxy Note44 #899,8.0,64.0,5099.0,13.0,5.7,8,31.21
Huawei,Nova 8 SE #88,,128.0,4284.0,12.0,6.0,8,25.32
Google,Pixel 7 #1007,6.0,512.0,3628.0,200.0,5.5,8,41.39
Asus,ROG Phone 5 #1231,4.0,256.0,5310.0,200.0,5.0,8,27.34
Xiaomi,Redmi Note 9 #1489,8.0,64.0,3120.0,64.0,6.7,6,18.25
Vivo,V28 Pro #715,2.0,256.0,3594.0,,5.7,8,17.15
Apple,iPhone 13 Pro #1416,12.0,128.0,,50.0,5.8,8,58.57
Samsung,Galaxy Note22 #718,6.0,64.0,5423.0,200.0,6.3,8,26.99
Vivo,V27 e #973,4.0,512.0,4507.0,108.0,6.2,8,23.52
Apple,iPhone 14 Pro #290,6.0,32.0,5991.0,200.0,5.4,8,45.12
Realme,Realme 8 i #1447,4.0,256.0,3606.0,50.0,5.3,8,
Samsung,Galaxy Z Flip42 #613,6.0,64.0,4964.0,12.0,6.3,8,18.49
Oppo,Reno11 Pro #348,6.0,256.0,4257.0,64.0,6.7,6,22.72
Apple,iPhone 11 Mini #585,16.0,128.0,5163.0,48.0,5.4,8,52.51
Apple,iPhone 16 #1441,6.0,64.0,4416.0,200.0,6.2,8,49.11
Apple,iPhone 11 Plus #712,12.0,64.0,5121.0,48.0,6.1,8,55.22
Nokia,Nokia X42 #855,4.0,512.0,4808.0,50.0,6.0,8,19.13
Apple,iPhone 12 #617,4.0,128.0,,,5.6,8,41.79
Oppo,Reno10 Pro #458,6.0,512.0,3315.0,50.0,5.5,8,24.89
Vivo,V23 #375,8.0,,5936.0,48.0,5.3,8,22.11
Asus,ROG Phone 6 #333,16.0,128.0,3349.0,12.0,5.4,6,29.11
Oppo,Reno8 Pro #781,12.0,128.0,5137.0,50.0,5.8,8,26.1
Samsung,Galaxy Z Flip17 #1351,8.0,512.0,5325.0,12.0,6.4,6,28.7
Apple,iPhone 13 #1409,12.0,1024.0,3654.0,13.0,6.6,8,49.56
Oppo,Reno6 5G #1418,8.0,256.0,5219.0,12.0,6.2,4,20620000.0
Nokia,Nokia X27 #584,8.0,128.0,5491.0,64.0,5.8,6,17.2
Xiaomi,Redmi 12 5G #328,3.0,128.0,5511.0,108.0,5.6,8,22.88
Samsung,Galaxy A30 #318,12.0,256.0,,108.0,6.4,8,35.34
Huawei,Nova 8 SE #1177,8.0,,3681.0,,5.2,4,20.87
Vivo,V21 #982,12.0,128.0,3523.0,108.0,5.5,4,21.13
Vivo,V25 e #12,8.0,128.0,4890.0,12.0,5.5,8,16.02
Vivo,V23 e #171,6.0,256.0,4534.0,200.0,5.2,6,22.11
Oppo,Reno10 5G #260,12.0,1024.0,3915.0,108.0,6.0,8,26.42
Google,Pixel 6 Pro #847,8.0,256.0,,13.0,5.5,6,36.31
Oppo,Reno6 5G #888,4.0,64.0,5087.0,50.0,6.2,8,18.05
Samsung,Galaxy Note50 #1141,4.0,256.0,4486.0,48.0,5.6,8,23.77
Xiaomi,Redmi Note 9 Pro+ #138,2.0,128.0,,50.0,5.2,6,17.07
Oppo,Reno6 Pro #549,4.0,32.0,4057.0,,6.2,6,12.64
Apple,iPhone 14 #1357,,256.0,5689.0,64.0,5.3,8,49.58
Xiaomi,Redmi 12 5G #873,3.0,256.0,5922.0,200.0,6.6,6,22.38
Vivo,V25 e #958,8.0,128.0,4050.0,13.0,5.4,6,17.55
Huawei,Nova 9 Pro #558,6.0,128.0,3682.0,108.0,5.0,8,20.39
Oppo,Reno7 #139,6.0,256.0,4792.0,12.0,5.4,8,19.24
Asus,ROG Phone 6 #1097,12.0,512.0,4060.0,200.0,6.7,4,31.3
Xiaomi,Redmi Note 10 Pro+ #901,16.0,256.0,3287.0,8.0,5.4,8,24.35
VIVO,V22 e #224,8.0,128.0,3593.0,13.0,5.4,6,14690000.0
Xiaomi,Redmi Note 12 Pro #605,2.0,128.0,5973.0,13.0,5.7,4,12.42
Xiaomi,Redmi 13 5G #409,16.0,128.0,,108.0,5.3,4,20.29
Samsung,Galaxy M11 #325,6.0,128.0,5653.0,64.0,5.3,6,22.81
Samsung,Galaxy Note44 #299,8.0,256.0,4863.0,200.0,5.5,8,29.67
Nokia,Nokia X47 #914,6.0,256.0,4827.0,64.0,6.3,8,18.28
Oppo,Reno11 #1053,12.0,128.0,4085.0,108.0,5.2,8,23.53
Vivo,V23 Pro #1046,12.0,64.0,5340.0,200.0,5.6,8,23.67
Xiaomi,Redmi 12 Pro #1419,6.0,128.0,4250.0,13.0,5.7,6,12.15
REALME,Realme 11 #976,6.0,128.0,3908.0,12.0,6.5,8,14.98
Apple,iPhone 13 Pro Max #900,8.0,128.0,5967.0,50.0,6.6,6,45.53
Oppo,Reno11 5G #573,4.0,256.0,4852.0,48.0,6.8,8,23.42
XIAOMI,Redmi 10 #503,3.0,256.0,5469.0,12.0,6.2,8,19.72
Nokia,Nokia C48 #1244,4.0,,3998.0,64.0,5.5,8,13.67
Samsung,Galaxy S50 #3,2.0,256.0,3391.0,8.0,6.4,8,23.12
Xiaomi,Redmi 9 #785,6.0,128.0,4366.0,108.0,5.2,8,20.16
Vivo,V20 e #467,,64.0,5598.0,200.0,5.8,6,19.31
Asus,ROG Phone 7 #321,12.0,64.0,4755.0,50.0,6.8,8,27.35
Vivo,V28 #5,12.0,256.0,5693.0,64.0,5.9,6,25.04
Vivo,V22 #1150,8.0,128.0,5169.0,48.0,6.4,6,22.76
Realme,Realme 10 Pro #547,4.0,128.0,4317.0,48.0,6.2,6,17.47
Asus,ROG Phone 6 #772,6.0,256.0,5418.0,12.0,6.4,8,23.91
Samsung,Galaxy A44 #39,,,4332.0,108.0,5.6,8,31.31
Vivo,V29 Pro #542,4.0,128.0,4257.0,64.0,6.1,8,16390000.0
Oppo,Reno9 #242,6.0,256.0,4359.0,48.0,6.3,6,21.07
Samsung,Galaxy S15 #136,16.0,1024.0,5493.0,200.0,6.1,6,46.71
Realme,Realme 8 i #1211,3.0,256.0,,13.0,5.1,6,14.03
Apple,iPhone 15 Mini #621,6.0,,3113.0,50.0,5.2,8,43.39
Apple,iPhone 14 Mini #798,12.0,256.0,4210.0,13.0,5.9,8,55.44
Realme,Realme 10 Pro #1479,4.0,128.0,4081.0,108.0,6.6,8,15.84
Asus,ROG Phone 7 #1087,8.0,256.0,3245.0,64.0,5.6,8,29.3
Asus,ROG Phone 6 #1473,12.0,1024.0,5427.0,200.0,6.5,4,34.9
Samsung,Galaxy S47 #1394,6.0,256.0,3953.0,108.0,6.4,6,29.14
Samsung,Galaxy Z Fold31 #581,8.0,512.0,5954.0,50.0,5.3,8,28.9
Google,Pixel 6 Pro #212,12.0,,4121.0,8.0,6.5,8,42.04
Xiaomi,Redmi Note 13 #849,6.0,256.0,5207.0,200.0,5.9,8,
Vivo,V21 e #1417,12.0,1024.0,3640.0,64.0,5.5,6,25.85
Oppo,Reno10 5G #376,,128.0,4076.0,108.0,5.6,8,23.42
Samsung,Galaxy Z Flip32 #314,16.0,256.0,3893.0,200.0,6.1,8,42.17
Apple,iPhone 12 Plus #442,8.0,512.0,5008.0,50.0,5.9,8,49.54
Nokia,Nokia G10 #319,6.0,64.0,4810.0,12.0,6.2,8,13.75
Samsung,Galaxy M36 #967,12.0,,5468.0,,6.8,8,24.47
Asus,ROG Phone 6 #819,12.0,256.0,,12.0,6.4,8,32.09
Samsung,Galaxy Z Fold18 #1443,2.0,128.0,3105.0,48.0,6.3,8,19.96
Apple,iPhone 14 #424,8.0,256.0,4273.0,48.0,6.6,8,54.11
Vivo,V22 Pro #553,6.0,512.0,5057.0,8.0,5.2,8,19.08
Asus,ROG Phone 5 #594,6.0,1024.0,4524.0,8.0,5.5,8,25.97
Vivo,V21 Pro #923,16.0,64.0,3078.0,50.0,6.2,6,
Oppo,Reno11 5G #672,6.0,128.0,4244.0,108.0,5.6,8,
Vivo,V27 Pro #1364,16.0,128.0,5188.0,8.0,6.6,6,23.28
Vivo,V24 #1243,8.0,256.0,,13.0,6.4,4,19.26
Samsung,Galaxy M13 #1365,4.0,32.0,3896.0,13.0,5.7,8,20.97
Xiaomi,Redmi Note 9 Pro+ #227,12.0,128.0,4146.0,8.0,6.6,8,
Oppo,Reno9 #736,6.0,256.0,4624.0,8.0,6.7,8,22.83
Xiaomi,Redmi Note 12 Pro #1251,2.0,512.0,3537.0,13.0,5.5,6,16.36
Nokia,Nokia C41 #1009,6.0,256.0,3305.0,48.0,5.1,8,18.85
Google,Pixel 6 a #710,8.0,256.0,3526.0,48.0,6.9,8,36.65
Samsung,Galaxy Note23 #66,8.0,512.0,3529.0,48.0,6.2,8,31.28
Vivo,V20 e #393,12.0,128.0,3846.0,12.0,6.0,8,23.34
Samsung,Galaxy S12 #579,8.0,256.0,4327.0,12.0,5.2,4,31.15
Samsung,Galaxy M34 #1229,12.0,128.0,5374.0,50.0,5.1,8,26.21
Xiaomi,Redmi 12 Pro+ #211,12.0,1024.0,3904.0,13.0,6.7,4,24.2
Vivo,V27 #1362,3.0,,5914.0,13.0,6.4,8,13.56
Oppo,Reno9 5G #807,8.0,128.0,3826.0,,5.7,8,18.62
Apple,iPhone 12 Pro #536,6.0,128.0,5912.0,200.0,5.0,6,50.2
Samsung,Galaxy Z Flip24 #1048,6.0,64.0,3620.0,8.0,6.2,6,
Apple,iPhone 16 Pro #1348,4.0,128.0,5133.0,,6.8,8,35.54
Xiaomi,Redmi 10 #85,6.0,32.0,5708.0,108.0,6.4,6,19.67
Vivo,V23 e #1378,8.0,128.0,3383.0,50.0,5.4,8,19.98
Nokia,Nokia C47 #272,4.0,128.0,4015.0,64.0,5.5,8,15.97
Realme,Realme 10 i #979,6.0,,5323.0,13.0,6.7,8,17.26
Apple,iPhone 15 Pro Max #682,8.0,128.0,3016.0,8.0,5.3,8,49.93
Apple,iPhone 15 Pro #1379,6.0,512.0,5655.0,50.0,6.9,8,47.51
Apple,iPhone 11 Pro #630,6.0,256.0,5906.0,64.0,6.6,6,45.6
Nokia,Nokia G48 #1049,8.0,128.0,,48.0,5.9,8,16.45
Xiaomi,Redmi 11 #1428,12.0,128.0,3830.0,50.0,5.3,8,20.77
Vivo,V21 e #505,6.0,128.0,4573.0,8.0,5.5,6,17.93
Xiaomi,Redmi 13 #273,12.0,256.0,3969.0,200.0,5.1,8,25.13
Nokia,Nokia C46 #744,2.0,64.0,4408.0,64.0,6.6,4,11.83
Oppo,Reno10 #362,6.0,256.0,4001.0,12.0,6.3,6,15.8
Samsung,Galaxy M37 #622,8.0,32.0,4731.0,64.0,5.2,8,23.72
Xiaomi,Redmi Note 13 Pro #2,4.0,256.0,5613.0,64.0,6.0,6,20.51
Apple,iPhone 14 Pro #6,6.0,512.0,,64.0,6.1,8,47.65
Huawei,Nova 8 SE #311,8.0,64.0,3656.0,200.0,6.0,8,29.14
Huawei,Nova 10 Pro #1108,6.0,256.0,4932.0,48.0,6.7,4,20.54
Realme,Realme 9 #665,6.0,64.0,5717.0,48.0,5.2,6,14990000.0
Samsung,Galaxy Z Fold12 #968,8.0,128.0,5192.0,13.0,6.2,8,23.95
Vivo,V29 #729,8.0,128.0,5802.0,48.0,6.0,4,
Apple,iPhone 14 Pro Max #215,12.0,64.0,5705.0,48.0,6.3,6,53.92
Vivo,V29 #705,8.0,64.0,5048.0,13.0,6.8,8,22.47
Vivo,V28 e #27,12.0,128.0,4353.0,8.0,6.5,4,206.70000000000002
Xiaomi,Redmi Note 11 Pro+ #1113,4.0,128.0,5727.0,8.0,6.9,8,17.89
Samsung,Galaxy M19 #1164,6.0,256.0,3775.0,13.0,5.5,8,25.48
Google,Pixel 7 #1034,4.0,256.0,3488.0,50.0,6.6,8,43.95
Huawei,Nova 10 SE #638,4.0,128.0,3006.0,200.0,5.4,8,24.01
Google,Pixel 8 #774,4.0,64.0,4936.0,64.0,6.7,8,36.26
Nokia,Nokia X42 #1333,4.0,512.0,5697.0,50.0,5.9,8,13.97
Samsung,Galaxy S25 #624,8.0,256.0,5074.0,,6.7,8,37.31
Apple,iPhone 12 Pro #1260,4.0,,4119.0,200.0,6.6,6,50.52
Oppo,Reno10 5G #256,4.0,,3246.0,200.0,6.5,8,20.51
Oppo,Reno6 #25,8.0,512.0,3082.0,12.0,5.5,8,24.53
Samsung,Galaxy Z Flip50 #336,6.0,128.0,5990.0,12.0,6.8,6,21.77
Vivo,V27 e #572,8.0,256.0,,8.0,6.4,4,16.32
Realme,Realme 9 Pro #47,8.0,512.0,5670.0,108.0,6.8,6,19.55
Samsung,Galaxy Z Flip24 #106,6.0,64.0,3948.0,8.0,6.2,8,23.71
Oppo,Reno8 Pro #349,6.0,256.0,5916.0,8.0,6.4,4,20.89
Apple,iPhone 15 Mini #55,8.0,1024.0,3795.0,200.0,5.1,8,55.31
NOKIA,Nokia G24 #1326,8.0,256.0,5228.0,13.0,6.4,8,18630000.0
Oppo,Reno11 #213,4.0,256.0,3924.0,108.0,5.0,6,21.95
Realme,Realme 10 Pro #120,6.0,128.0,5809.0,200.0,5.9,8,18.66
Apple,iPhone 11 Mini #898,6.0,64.0,3038.0,13.0,6.4,8,39.45
Samsung,Galaxy Note45 #757,8.0,128.0,4208.0,,5.2,8,33.02
Apple,iPhone 11 Pro Max #72,8.0,32.0,,108.0,6.1,8,54.32
Huawei,Nova 9 Pro #1230,4.0,32.0,4604.0,200.0,5.7,8,21.21
Samsung,Galaxy Z Flip50 #1384,8.0,64.0,4210.0,,5.4,8,23.53
Samsung,Galaxy Z Fold27 #45,4.0,256.0,5713.0,48.0,6.0,6,24.6
Google,Pixel 8 Pro #1342,8.0,256.0,3843.0,64.0,6.3,6,38.39
Xiaomi,Redmi 13 Pro+ #523,6.0,128.0,3458.0,50.0,5.7,8,20.48
Realme,Realme 9 Pro #1470,8.0,128.0,4545.0,12.0,6.4,6,
Xiaomi,Redmi 10 Pro #816,8.0,256.0,4037.0,8.0,6.7,6,16.43
Samsung,Galaxy Note22 #892,8.0,64.0,4323.0,12.0,6.7,6,23.85
Samsung,Galaxy Z Flip30 #820,6.0,256.0,3454.0,50.0,6.8,8,29.8
Oppo,Reno8 #533,6.0,128.0,4319.0,108.0,6.7,6,20.0
Realme,Realme 10 #1159,16.0,128.0,3496.0,64.0,5.8,8,18.01
Oppo,Reno7 5G #603,4.0,256.0,3985.0,8.0,6.1,8,21.17
Vivo,V23 Pro #465,8.0,64.0,4620.0,12.0,5.8,6,20.71
Xiaomi,Redmi Note 13 5G #1111,16.0,64.0,3522.0,13.0,6.2,4,20.99
Realme,Realme 8 #1305,12.0,32.0,4716.0,13.0,5.7,6,14.51
Samsung,Galaxy Z Fold33 #802,8.0,128.0,3507.0,64.0,6.2,4,27.58
Samsung,Galaxy A44 #1047,4.0,256.0,5801.0,12.0,6.6,8,22.4
Vivo,V28 Pro #60,8.0,128.0,4607.0,13.0,5.3,6,21.0
Vivo,V25 e #915,4.0,256.0,5212.0,64.0,6.0,8,21.1
Vivo,V23 e #92,6.0,256.0,5278.0,64.0,6.2,8,22.63
Samsung,Galaxy S32 #666,6.0,128.0,4725.0,13.0,6.5,8,24.11
Oppo,Reno11 5G #727,6.0,128.0,5834.0,8.0,6.9,6,15.43
Vivo,V24 Pro #194,4.0,512.0,4910.0,108.0,6.0,4,22.07
Xiaomi,Redmi Note 9 5G #280,8.0,256.0,4699.0,48.0,5.2,6,16.65
Nokia,Nokia X43 #695,6.0,128.0,3990.0,64.0,6.0,8,13.12
Samsung,Galaxy S53 #359,8.0,64.0,5508.0,8.0,6.0,6,27.47
Samsung,Galaxy Note41 #519,16.0,32.0,4729.0,12.0,5.4,8,26.27
Samsung,Galaxy M51 #839,,256.0,3619.0,200.0,5.5,8,32.79
Huawei,Nova 10 Pro #793,4.0,128.0,4802.0,108.0,5.9,8,23.12
Xiaomi,Redmi 9 Pro+ #182,6.0,128.0,5677.0,64.0,6.3,8,21.12
Realme,Realme 11 i #977,,32.0,5756.0,108.0,5.7,8,14.79
Oppo,Reno11 Pro #110,12.0,128.0,5580.0,200.0,6.2,8,22.37
Huawei,Nova 9 SE #42,6.0,128.0,5209.0,64.0,5.8,4,23.51
Vivo,V20 #944,6.0,128.0,3124.0,8.0,6.7,8,18.23
Nokia,Nokia X28 #204,,256.0,5178.0,8.0,6.4,8,16.51
Xiaomi,Redmi 12 #1074,8.0,512.0,4299.0,64.0,6.0,6,16.6
Nokia,Nokia X34 #52,8.0,256.0,3704.0,200.0,6.7,4,16.46
Oppo,Reno10 5G #545,12.0,128.0,4597.0,13.0,6.7,6,21.07
Vivo,V20 Pro #1022,3.0,128.0,5118.0,,6.8,8,14.59
Samsung,Galaxy Note20 #924,8.0,128.0,3299.0,48.0,6.8,6,30940000.0
Samsung,Galaxy Z Flip53 #1023,,128.0,3705.0,12.0,6.1,8,26.37
Xiaomi,Redmi 10 #777,8.0,512.0,3522.0,13.0,6.1,8,20.51
Samsung,Galaxy Note31 #183,3.0,128.0,3669.0,12.0,6.8,8,27.16
Vivo,V29 e #137,4.0,256.0,5640.0,108.0,5.3,8,16.79
Xiaomi,Redmi Note 13 Pro #1001,12.0,256.0,3623.0,50.0,6.8,6,23.31
Realme,Realme 10 Pro #80,12.0,256.0,4523.0,48.0,6.3,4,
Xiaomi,Redmi 11 Pro #719,16.0,256.0,4071.0,108.0,6.6,8,30.18
Xiaomi,Redmi 10 Pro+ #105,8.0,256.0,4674.0,48.0,6.6,6,18.42
Apple,iPhone 13 Mini #541,8.0,128.0,4810.0,12.0,6.6,6,31.25
Realme,Realme 10 i #1091,2.0,32.0,5042.0,48.0,6.5,8,13.92
Samsung,Galaxy M25 #480,,128.0,4824.0,13.0,6.4,8,25.91
Samsung,Galaxy Z Flip41 #165,3.0,256.0,3160.0,48.0,5.8,4,23.93
Xiaomi,Redmi Note 11 Pro+ #248,6.0,64.0,3755.0,8.0,6.6,6,15.56
Oppo,Reno11 #307,8.0,256.0,,50.0,6.2,8,22.18
Samsung,Galaxy A18 #446,6.0,32.0,5538.0,64.0,6.2,8,31.65
Oppo,Reno11 Pro #1183,2.0,128.0,4930.0,64.0,6.2,8,21.95
Samsung,Galaxy S48 #334,3.0,64.0,3877.0,8.0,5.4,8,25.51
Samsung,Galaxy S39 #97,8.0,64.0,4619.0,108.0,6.2,8,20.3
Samsung,Galaxy M40 #1191,6.0,128.0,5440.0,48.0,5.5,8,26.75
Oppo,Reno6 5G #737,12.0,64.0,,50.0,6.0,8,17.93
Realme,Realme 10 #906,8.0,256.0,,64.0,5.2,6,20.37
Samsung,Galaxy Z Flip44 #864,6.0,64.0,4582.0,12.0,6.2,8,25.46
Xiaomi,Redmi 11 #1355,16.0,256.0,5057.0,108.0,6.2,6,29860000.0
Oppo,Reno11 #102,8.0,256.0,4967.0,108.0,6.7,8,29.67
Oppo,Reno7 Pro #434,6.0,32.0,5072.0,50.0,6.6,6,21.49
Samsung,Galaxy A22 #74,8.0,128.0,4692.0,64.0,6.5,8,31.64
Oppo,Reno10 Pro #1472,6.0,128.0,5038.0,,6.5,8,22.37
Samsung,Galaxy S30 #905,8.0,128.0,3360.0,50.0,5.1,8,26.98
Apple,iPhone 14 Pro #1388,16.0,64.0,3589.0,64.0,5.6,8,49.85
Apple,iPhone 12 Pro #302,8.0,64.0,5273.0,13.0,6.7,4,39.89
Apple,iPhone 15 #1321,6.0,128.0,5713.0,64.0,5.5,6,40.47
Oppo,Reno11 #1290,3.0,256.0,3386.0,8.0,6.3,6,18.86
Oppo,Reno6 5G #1249,12.0,512.0,4500.0,48.0,5.0,8,23.02
Realme,Realme 9 i #762,12.0,128.0,3625.0,8.0,5.7,6,14.95
Vivo,V25 e #733,8.0,128.0,5553.0,13.0,6.8,8,24.4
Xiaomi,Redmi Note 13 #388,12.0,1024.0,4693.0,13.0,5.0,4,20.5
Apple,iPhone 13 #235,6.0,128.0,5895.0,12.0,5.2,8,38.41
Xiaomi,Redmi Note 13 Pro #1272,6.0,512.0,4620.0,,6.1,6,23.25
Apple,iPhone 11 Mini #267,6.0,64.0,3151.0,64.0,6.8,8,45.25
Oppo,Reno8 Pro #305,6.0,1024.0,4263.0,13.0,5.7,8,17.97
Xiaomi,Redmi Note 11 5G #1228,12.0,64.0,3357.0,12.0,5.8,8,21.09
Nokia,Nokia X15 #117,,256.0,3832.0,200.0,5.2,6,16.21
Xiaomi,Redmi Note 10 Pro #1237,8.0,256.0,3891.0,8.0,6.6,4,20.42
Vivo,V29 #673,16.0,128.0,3517.0,48.0,6.2,6,26.18
Xiaomi,Redmi Note 12 #249,2.0,128.0,4781.0,12.0,6.2,8,13.32
Realme,Realme 10 Pro #1112,3.0,128.0,4003.0,64.0,5.8,8,15.51
Realme,Realme 10 i #1096,2.0,256.0,4702.0,8.0,6.1,8,10.61
Vivo,V22 Pro #71,16.0,32.0,4112.0,8.0,6.7,8,21.14
Xiaomi,Redmi 11 5G #94,8.0,256.0,3059.0,48.0,5.6,8,21.37
Nokia,Nokia C45 #952,12.0,256.0,3549.0,64.0,5.6,6,15.57
Realme,Realme 10 #33,3.0,128.0,5892.0,,6.0,4,
Vivo,V24 Pro #1120,12.0,64.0,3104.0,,6.5,6,22.02
Oppo,Reno10 Pro #448,12.0,32.0,5335.0,13.0,6.1,6,15.66
Xiaomi,Redmi Note 10 Pro #445,4.0,128.0,,50.0,6.8,8,21.38
Samsung,Galaxy Z Flip46 #771,8.0,256.0,3645.0,8.0,6.7,8,23.94
Asus,ROG Phone 5 #716,12.0,,4537.0,13.0,6.5,8,
Oppo,Reno11 #916,6.0,512.0,5575.0,,6.3,6,25.76
Realme,Realme 9 #1303,8.0,64.0,4508.0,64.0,6.4,8,
Samsung,Galaxy S15 #930,6.0,64.0,4591.0,8.0,5.7,8,21.52
Samsung,Galaxy Z Fold21 #1469,8.0,256.0,5998.0,50.0,5.9,8,27.96
Apple,iPhone 11 Pro Max #77,4.0,,4577.0,12.0,5.8,8,34.84
Apple,iPhone 14 Plus #84,8.0,64.0,4795.0,48.0,6.9,8,36.49
Xiaomi,Redmi Note 9 #862,6.0,32.0,5619.0,8.0,6.2,8,
Vivo,V27 #82,12.0,64.0,4312.0,64.0,6.8,8,25.53
Samsung,Galaxy Z Fold29 #457,4.0,128.0,4940.0,64.0,5.1,8,19.91
Samsung,Galaxy A22 #948,4.0,256.0,3110.0,64.0,5.6,8,27.16
Samsung,Galaxy S23 #676,8.0,256.0,5040.0,200.0,6.6,6,28.49
Samsung,Galaxy S50 #1281,16.0,128.0,5777.0,50.0,6.7,8,29.02
Samsung,Galaxy Z Flip51 #1094,8.0,64.0,5665.0,13.0,6.6,8,25.15
Vivo,V23 Pro #436,8.0,1024.0,5172.0,8.0,6.5,8,21.07
Xiaomi,Redmi Note 9 5G #770,8.0,512.0,4279.0,200.0,5.1,6,19.85
Nokia,Nokia X34 #644,8.0,64.0,3723.0,12.0,5.4,8,11.21
Huawei,Nova 8 SE #1458,6.0,64.0,4895.0,64.0,5.9,8,28.04
Xiaomi,Redmi Note 12 5G #1140,8.0,256.0,4573.0,,5.5,8,
Samsung,Galaxy M51 #1371,8.0,,3765.0,50.0,5.7,4,24.32
Asus,ROG Phone 7 #404,8.0,256.0,5729.0,108.0,6.9,8,30.13
Vivo,V20 #1331,8.0,128.0,5937.0,108.0,5.3,6,21.66
Samsung,Galaxy S21 #963,8.0,512.0,3629.0,48.0,6.0,6,30.34
Huawei,Nova 9 Pro #1061,8.0,256.0,3205.0,8.0,5.1,8,21.23
Samsung,Galaxy Note37 #104,12.0,64.0,4418.0,48.0,6.7,8,25.48
Samsung,Galaxy Z Fold23 #609,8.0,512.0,4421.0,48.0,6.5,8,23.49
Realme,Realme 11 i #859,8.0,128.0,3747.0,48.0,6.9,8,17.55
Oppo,Reno8 5G #688,3.0,128.0,5563.0,48.0,5.6,8,20.81
Oppo,Reno11 Pro #978,3.0,128.0,5409.0,13.0,6.6,8,17.4
Oppo,Reno9 #826,16.0,128.0,4011.0,64.0,5.0,4,24.29
Samsung,Galaxy Z Fold13 #1376,8.0,128.0,3700.0,108.0,6.3,8,21.4
Apple,iPhone 11 #62,6.0,256.0,5720.0,48.0,6.1,4,43.8
Samsung,Galaxy Note38 #281,4.0,512.0,3754.0,12.0,5.4,8,23.14
Nokia,Nokia G21 #778,16.0,128.0,4464.0,8.0,6.2,8,19.72
Xiaomi,Redmi Note 13 Pro #1033,8.0,,5809.0,64.0,5.3,8,18.05
Vivo,V23 Pro #238,8.0,128.0,5121.0,8.0,6.8,8,20.81
Apple,iPhone 12 Plus #223,4.0,128.0,4097.0,50.0,6.7,4,42.47
OPPO,Reno9 5G #145,6.0,512.0,,8.0,6.5,6,19.44
Samsung,Galaxy M37 #1427,6.0,64.0,3036.0,12.0,5.3,8,23.47
Vivo,V26 e #373,8.0,32.0,5389.0,13.0,6.1,8,17.52
Samsung,Galaxy S14 #1361,2.0,256.0,5580.0,12.0,6.3,8,26.68
Xiaomi,Redmi Note 12 #118,4.0,256.0,5217.0,50.0,5.7,8,19.51
Apple,iPhone 14 Pro #1149,4.0,128.0,3385.0,48.0,5.6,4,43.16
Xiaomi,Redmi 13 Pro+ #250,6.0,256.0,4743.0,64.0,5.6,8,20.15
Oppo,Reno8 Pro #1474,4.0,64.0,5472.0,200.0,6.8,8,
Samsung,Galaxy A26 #1234,8.0,32.0,5920.0,48.0,6.5,8,29.65
Vivo,V24 #921,6.0,32.0,4449.0,50.0,5.7,6,20.92
Samsung,Galaxy S44 #9,12.0,256.0,5557.0,13.0,6.8,8,
Realme,Realme 9 Pro #449,4.0,64.0,5666.0,200.0,5.3,8,15.78
Google,Pixel 7 a #988,8.0,128.0,4946.0,200.0,6.0,8,36.42
Nokia,Nokia G41 #708,8.0,256.0,5458.0,48.0,6.9,4,15.76
Apple,iPhone 11 Pro #255,4.0,128.0,5635.0,200.0,5.4,6,34.05
Nokia,Nokia G31 #593,6.0,1024.0,3483.0,12.0,5.2,8,17.28
Vivo,V20 Pro #389,12.0,256.0,5241.0,12.0,5.5,6,22.39
Samsung,Galaxy Z Fold37 #987,16.0,256.0,4747.0,64.0,6.7,8,32.56
Xiaomi,Redmi Note 12 #1226,12.0,128.0,5727.0,13.0,5.5,6,17.33
Oppo,Reno6 Pro #557,16.0,256.0,3150.0,50.0,6.8,8,
Samsung,Galaxy Z Fold22 #1315,4.0,256.0,3539.0,13.0,6.5,8,25.6
Huawei,Nova 11 Pro #867,8.0,256.0,3488.0,13.0,6.5,6,21.69
Huawei,Nova 11 SE #460,6.0,128.0,3996.0,64.0,6.3,8,23.3
Apple,iPhone 16 Pro #723,,128.0,4098.0,48.0,5.2,8,41.99
Samsung,Galaxy Note36 #1410,4.0,128.0,3979.0,48.0,5.7,8,24.52
Xiaomi,Redmi 12 5G #144,16.0,256.0,4914.0,200.0,6.5,6,25.18
Xiaomi,Redmi Note 13 Pro #501,6.0,512.0,5608.0,200.0,5.7,8,21.37
Samsung,Galaxy Z Flip29 #1118,6.0,32.0,,,6.3,8,18.66
Samsung,Galaxy Note34 #739,,256.0,5052.0,108.0,6.6,8,31.56
Vivo,V28 Pro #1456,12.0,1024.0,4147.0,108.0,5.1,8,27.38
Samsung,Galaxy Z Fold36 #731,,128.0,4596.0,64.0,5.3,8,31.97
Oppo,Reno10 #539,6.0,256.0,5938.0,200.0,5.4,4,20.38
Samsung,Galaxy S22 #177,6.0,128.0,4351.0,8.0,6.7,4,24.3
Oppo,Reno8 5G #1476,8.0,128.0,4647.0,8.0,6.4,8,17.72
Realme,Realme 8 #697,6.0,512.0,5113.0,200.0,6.5,8,20.19
Asus,ROG Phone 5 #970,3.0,128.0,3305.0,108.0,5.6,6,22.41
Oppo,Reno9 #1065,16.0,1024.0,,50.0,6.5,8,22.94
Samsung,Galaxy Note54 #904,16.0,256.0,4235.0,50.0,5.1,6,32.97
Vivo,V21 Pro #1300,4.0,128.0,5672.0,108.0,6.2,6,21.33
Xiaomi,Redmi Note 9 5G #191,8.0,128.0,5501.0,64.0,5.8,6,17.0
Samsung,Galaxy Z Fold31 #7,8.0,,3400.0,13.0,6.4,8,26.91
Google,Pixel 7 #1386,3.0,256.0,5672.0,50.0,5.7,8,41.1
Samsung,Galaxy Z Flip50 #667,4.0,1024.0,,48.0,5.2,8,28.9
Samsung,Galaxy M51 #1202,4.0,512.0,3544.0,8.0,5.0,8,32.19
Samsung,Galaxy Z Fold40 #357,8.0,128.0,5586.0,108.0,6.4,8,28.78
Vivo,V28 Pro #783,4.0,128.0,3383.0,12.0,5.1,8,19.32
Google,Pixel 7 a #735,12.0,64.0,5351.0,13.0,6.5,8,43.51
Apple,iPhone 15 #329,8.0,256.0,5022.0,13.0,5.9,8,37.17
Samsung,Galaxy Z Fold41 #1406,4.0,128.0,3616.0,12.0,6.4,8,19.96
Oppo,Reno11 Pro #1172,4.0,512.0,4915.0,64.0,6.5,8,24.22
Vivo,V25 #1324,8.0,64.0,5991.0,200.0,6.3,4,19.91
Xiaomi,Redmi 11 5G #258,4.0,64.0,3545.0,48.0,6.6,4,11.65
Xiaomi,Redmi Note 10 5G #909,12.0,256.0,5594.0,48.0,5.3,8,21.25
Oppo,Reno9 5G #1199,8.0,256.0,3960.0,64.0,5.4,6,15.06
Xiaomi,Redmi Note 11 Pro #372,4.0,128.0,5086.0,50.0,6.1,4,18.54
Nokia,Nokia C28 #1124,12.0,64.0,4318.0,8.0,6.2,8,
Nokia,Nokia G29 #1466,,256.0,4957.0,200.0,5.8,6,16.8
Samsung,Galaxy A14 #142,4.0,32.0,4538.0,48.0,6.7,4,19.24
Apple,iPhone 11 Pro Max #525,6.0,64.0,3591.0,8.0,6.2,8,31.67
Oppo,Reno6 Pro #1160,8.0,512.0,3014.0,50.0,6.6,4,16.21
Apple,iPhone 16 Pro #232,6.0,256.0,3294.0,13.0,6.5,8,46.32
Vivo,V22 #1271,8.0,128.0,4582.0,,6.0,6,19.97
Samsung,Galaxy Z Fold27 #1452,8.0,256.0,3226.0,8.0,5.1,8,29.83
Xiaomi,Redmi 11 Pro+ #440,6.0,256.0,,64.0,6.0,8,18550000.0
Vivo,V28 #531,8.0,128.0,5378.0,12.0,5.6,8,17.85
Oppo,Reno11 #1227,6.0,128.0,4066.0,108.0,6.5,8,23.09
Samsung,Galaxy M29 #226,6.0,64.0,4189.0,13.0,5.0,8,23.2
Asus,ROG Phone 5 #1052,8.0,128.0,4152.0,12.0,6.9,8,25.26
Oppo,Reno11 #228,6.0,128.0,4605.0,108.0,5.7,8,23.02
Nokia,Nokia G37 #1307,4.0,64.0,3324.0,,6.7,6,13.78
Realme,Realme 9 #1325,12.0,256.0,5320.0,8.0,5.2,8,17.35
Google,Pixel 6 Pro #212,12.0,,4121.0,8.0,6.5,8,42.04
Vivo,V24 Pro #885,4.0,64.0,3108.0,64.0,5.2,8,15.03
Vivo,V27 Pro #79,,128.0,5717.0,64.0,5.9,8,23.78
Apple,iPhone 16 Pro #148,4.0,128.0,3360.0,12.0,6.9,4,30.37
Realme,Realme 11 Pro #814,3.0,256.0,3569.0,50.0,6.7,8,16.08
Xiaomi,Redmi Note 11 Pro #933,6.0,128.0,5565.0,48.0,5.3,6,17.54
Oppo,Reno6 Pro #942,12.0,256.0,5508.0,50.0,5.5,6,24.55
Google,Pixel 8 #671,6.0,256.0,5507.0,48.0,6.0,6,39.34
Nokia,Nokia G33 #1179,8.0,256.0,3840.0,12.0,6.2,4,16.86
Nokia,Nokia G37 #555,6.0,32.0,5481.0,50.0,5.3,8,12.99
Samsung,Galaxy A41 #937,3.0,128.0,5312.0,108.0,6.3,6,26.64
Samsung,Galaxy Z Flip41 #133,4.0,128.0,4147.0,108.0,5.9,4,24.21
Realme,Realme 8 Pro #1265,12.0,,5254.0,50.0,5.5,6,20.99
Apple,iPhone 13 #823,2.0,,5996.0,12.0,6.6,6,34.64
Xiaomi,Redmi Note 13 #408,16.0,,4042.0,200.0,6.4,6,25.82
Samsung,Galaxy A36 #368,12.0,256.0,4873.0,13.0,5.8,8,37.59
Xiaomi,Redmi 9 Pro+ #507,6.0,256.0,4082.0,,6.6,8,18.25
Apple,iPhone 11 Pro #1206,4.0,256.0,5840.0,108.0,6.1,8,42.06
Xiaomi,Redmi Note 13 #504,4.0,128.0,4138.0,12.0,6.5,8,14.88
Oppo,Reno7 5G #1360,12.0,64.0,4479.0,108.0,5.2,6,21.43
Realme,Realme 9 Pro #347,4.0,64.0,4748.0,13.0,6.0,8,12.49
Apple,iPhone 15 Mini #386,16.0,,5929.0,8.0,6.6,8,53.0
Xiaomi,Redmi 10 5G #0,,256.0,4638.0,50.0,5.8,4,17.38
Oppo,Reno8 Pro #360,8.0,256.0,,12.0,5.6,4,23.21
Xiaomi,Redmi 10 #894,6.0,256.0,5874.0,50.0,6.3,8,18.99
Xiaomi,Redmi Note 13 Pro #828,2.0,128.0,5303.0,12.0,6.1,8,14.88
Xiaomi,Redmi Note 11 Pro+ #1444,6.0,128.0,3091.0,108.0,5.6,8,17.43
Xiaomi,Redmi Note 11 5G #475,3.0,512.0,3825.0,8.0,5.8,4,16.16
Vivo,V28 e #1308,16.0,64.0,4942.0,13.0,5.8,8,19.21
Vivo,V23 e #57,8.0,256.0,5514.0,64.0,6.4,8,21.82
Google,Pixel 7 Pro #637,4.0,128.0,5624.0,50.0,5.6,8,32.04
Xiaomi,Redmi Note 12 Pro #1334,2.0,128.0,,12.0,6.0,8,18.48
Xiaomi,Redmi Note 9 Pro+ #1219,2.0,128.0,3697.0,13.0,6.5,8,14.3
Vivo,V20 #983,3.0,1024.0,3904.0,108.0,6.0,8,21.34
Xiaomi,Redmi Note 12 #172,3.0,128.0,3762.0,12.0,5.9,6,
Google,Pixel 7 Pro #450,6.0,256.0,5478.0,108.0,6.5,8,35.95
Samsung,Galaxy A26 #125,6.0,256.0,3631.0,64.0,5.8,8,33.66
Xiaomi,Redmi 13 #1010,4.0,32.0,3735.0,64.0,5.3,4,13.33
Xiaomi,Redmi Note 12 #530,8.0,128.0,4537.0,200.0,6.1,6,21.99
Samsung,Galaxy Z Fold23 #857,4.0,256.0,4964.0,50.0,5.2,6,24.32
Xiaomi,Redmi 11 Pro #713,16.0,128.0,4295.0,12.0,6.2,6,18.55
Nokia,Nokia X40 #90,12.0,512.0,5196.0,12.0,6.4,8,20.04
Apple,iPhone 11 #1480,2.0,256.0,4123.0,108.0,5.8,8,42.7
Vivo,V23 Pro #181,8.0,256.0,5130.0,64.0,5.6,6,20.97
Apple,iPhone 15 Mini #875,6.0,512.0,4139.0,8.0,6.5,8,45.62
Huawei,Nova 8 SE #1031,2.0,128.0,3936.0,50.0,5.5,6,18.44
Apple,iPhone 15 Pro Max #786,8.0,128.0,3200.0,64.0,6.1,6,42.93
Apple,iPhone 15 Plus #414,8.0,,4360.0,50.0,5.4,8,53.84
Oppo,Reno9 #251,3.0,256.0,4227.0,12.0,5.2,8,16.34
Apple,iPhone 12 Mini #69,4.0,1024.0,4274.0,200.0,5.0,8,54.07
Realme,Realme 8 #803,4.0,128.0,4621.0,,6.6,4,17.47
Huawei,Nova 10 Pro #131,12.0,256.0,3674.0,64.0,5.9,8,34.16
Oppo,Reno7 5G #300,3.0,32.0,5291.0,108.0,5.8,8,20.39
Google,Pixel 7 Pro #1041,8.0,,5440.0,48.0,5.2,8,36.96
Oppo,Reno10 5G #326,8.0,128.0,3705.0,64.0,6.0,8,22.71
Realme,Realme 8 Pro #1494,8.0,128.0,5444.0,200.0,5.4,6,18.72
Asus,ROG Phone 5 #1134,8.0,128.0,4693.0,64.0,6.6,6,29.22
Xiaomi,Redmi Note 12 5G #499,6.0,1024.0,3872.0,50.0,6.8,8,23820000.0
Samsung,Galaxy A31 #341,6.0,512.0,4543.0,50.0,5.3,4,23.57
Xiaomi,Redmi 12 Pro+ #832,6.0,64.0,5637.0,50.0,6.0,4,17.32
Nokia,Nokia G42 #364,12.0,256.0,4440.0,108.0,5.6,6,22.3
Nokia,Nokia C44 #495,6.0,64.0,5083.0,108.0,5.0,8,15.27
Apple,iPhone 14 Pro Max #1423,8.0,,5966.0,50.0,5.5,8,50.8
Nokia,Nokia X18 #338,12.0,128.0,4099.0,50.0,5.5,8,18.52
Oppo,Reno7 Pro #421,6.0,256.0,4906.0,48.0,6.8,8,22.13
Vivo,V23 e #164,6.0,256.0,5783.0,12.0,5.8,8,24.21
Vivo,V28 Pro #28,4.0,64.0,4028.0,13.0,5.7,6,14.81
Oppo,Reno8 #516,4.0,128.0,5478.0,64.0,6.4,6,16.01
Apple,iPhone 13 #193,4.0,512.0,5168.0,48.0,5.8,4,40.69
Samsung,Galaxy Z Flip49 #1156,6.0,256.0,4375.0,12.0,6.1,8,27.23
Google,Pixel 8 Pro #1467,3.0,256.0,4982.0,12.0,6.0,6,32.93
Realme,Realme 8 i #945,8.0,256.0,3330.0,108.0,6.8,8,23.36
Huawei,Nova 9 Pro #1389,12.0,256.0,4772.0,108.0,5.9,8,29.89
Samsung,Galaxy Note10 #169,6.0,256.0,5904.0,108.0,6.2,6,35.82
Samsung,Galaxy M12 #167,2.0,256.0,3991.0,12.0,5.6,6,19.46
Nokia,Nokia C44 #652,6.0,128.0,4528.0,12.0,6.4,6,13.4
Xiaomi,Redmi Note 9 Pro+ #173,6.0,256.0,5500.0,200.0,5.9,8,20.62
Apple,iPhone 13 Plus #518,4.0,256.0,4990.0,108.0,6.7,6,41.47
Samsung,Galaxy Note51 #1239,6.0,32.0,5454.0,200.0,5.9,6,24.42
Asus,ROG Phone 6 #1205,,128.0,5377.0,13.0,6.2,6,23.73
Nokia,Nokia G49 #912,,,4619.0,50.0,6.3,8,12.91
Oppo,Reno8 #491,16.0,128.0,3494.0,64.0,5.5,8,23.88
Apple,iPhone 16 Pro #953,6.0,256.0,5808.0,108.0,6.2,8,43.78
Huawei,Nova 9 SE #73,12.0,64.0,3303.0,50.0,6.1,8,29.37
Vivo,V24 #1280,3.0,256.0,5708.0,50.0,6.0,8,22.51
Realme,Realme 10 Pro #587,4.0,256.0,5737.0,8.0,5.1,8,14.84
Nokia,Nokia G49 #750,3.0,128.0,5504.0,13.0,6.3,8,14.82
Vivo,V26 #657,12.0,256.0,4622.0,200.0,6.8,8,27.43
Realme,Realme 11 Pro #842,4.0,256.0,5132.0,64.0,5.9,6,14.08
Apple,iPhone 16 Pro Max #234,,64.0,3121.0,108.0,5.6,6,51.64
Realme,Realme 8 i #732,,512.0,4308.0,64.0,6.6,8,23.22
Oppo,Reno7 #214,16.0,128.0,4016.0,64.0,6.7,8,17.72
Samsung,Galaxy A46 #162,12.0,128.0,4085.0,12.0,6.6,8,26.0
Apple,iPhone 16 Plus #132,6.0,128.0,4759.0,50.0,5.6,8,32.12
Realme,Realme 8 #1125,8.0,1024.0,5801.0,50.0,6.7,6,
Samsung,Galaxy Z Flip13 #222,6.0,128.0,4912.0,108.0,6.7,8,34.66
Samsung,Galaxy Z Flip39 #1253,16.0,256.0,5756.0,64.0,5.8,6,31.92
Vivo,V24 #934,12.0,128.0,5429.0,64.0,6.4,8,25.43
Nokia,Nokia X40 #185,12.0,256.0,5077.0,13.0,6.6,6,19.68
Realme,Realme 9 Pro #41,4.0,,5717.0,200.0,5.4,4,
Samsung,Galaxy Z Flip26 #692,3.0,,3239.0,108.0,5.9,8,22.36
Apple,iPhone 11 Plus #108,3.0,128.0,5367.0,,6.1,6,40.03
Oppo,Reno8 5G #38,2.0,512.0,3355.0,48.0,6.7,8,18.91
Oppo,Reno7 #568,6.0,128.0,3566.0,8.0,5.3,8,16.44
Huawei,Nova 8 SE #1024,8.0,128.0,5849.0,50.0,6.6,8,28.21
Samsung,Galaxy Note32 #1445,16.0,256.0,5938.0,50.0,6.2,6,28.04
Vivo,V21 #1471,,512.0,5466.0,64.0,6.3,4,26.8
Oppo,Reno11 Pro #483,3.0,256.0,4360.0,64.0,5.4,4,16.87
Samsung,Galaxy Note32 #468,4.0,512.0,4449.0,50.0,5.8,4,25.73
Samsung,Galaxy M29 #890,6.0,256.0,3749.0,12.0,5.7,8,25.88
Xiaomi,Redmi 12 Pro #947,8.0,64.0,4756.0,200.0,5.9,8,20.37
Oppo,Reno8 5G #24,4.0,128.0,5193.0,64.0,6.9,6,15.49
Realme,Realme 8 #1032,6.0,,5649.0,108.0,6.1,6,13.72
Samsung,Galaxy Z Flip39 #1217,12.0,256.0,3480.0,108.0,6.3,8,28.63
Samsung,Galaxy M29 #68,6.0,128.0,4956.0,13.0,5.7,8,26.78
Samsung,Galaxy Z Fold52 #884,2.0,,5740.0,12.0,5.1,6,21490000.0
Samsung,Galaxy Z Fold23 #1292,,64.0,5493.0,200.0,5.5,8,31.83
Asus,ROG Phone 6 #850,8.0,256.0,3525.0,50.0,5.2,8,33.02
Samsung,Galaxy S54 #734,6.0,256.0,4760.0,8.0,5.8,8,21.8
Google,Pixel 8 Pro #717,16.0,,3983.0,12.0,6.1,6,38.89
Apple,iPhone 11 #454,6.0,256.0,4093.0,48.0,5.6,8,47.11
Nokia,Nokia X40 #264,8.0,256.0,3931.0,108.0,5.2,8,19.43
Samsung,Galaxy M22 #75,12.0,128.0,4798.0,64.0,6.5,8,25.2
Vivo,V22 e #444,8.0,128.0,3096.0,,6.5,8,18.65
Apple,iPhone 16 #395,,128.0,3166.0,12.0,5.6,8,41.4
Realme,Realme 8 i #176,4.0,512.0,3698.0,200.0,5.6,8,14.38
Samsung,Galaxy M40 #1338,12.0,512.0,4534.0,12.0,6.4,6,28.72
Nokia,Nokia X25 #1312,,128.0,4256.0,12.0,6.8,8,19.19
Asus,ROG Phone 7 #1055,4.0,128.0,3421.0,48.0,5.6,8,19.46
Google,Pixel 8 Pro #595,8.0,512.0,5098.0,200.0,5.4,8,51.53
Vivo,V25 #61,6.0,256.0,3394.0,200.0,6.9,6,14.65
Apple,iPhone 12 Pro Max #872,6.0,128.0,4209.0,13.0,6.8,8,41.29
Vivo,V22 #1142,3.0,128.0,5660.0,64.0,5.4,8,21.12
Huawei,Nova 10 SE #1435,,64.0,4116.0,48.0,5.2,8,
Realme,Realme 10 #278,6.0,512.0,5000.0,200.0,5.5,8,15.28
Vivo,V25 Pro #36,8.0,512.0,5204.0,48.0,5.3,6,23.1
Xiaomi,Redmi 11 Pro+ #662,4.0,128.0,,48.0,5.9,8,17.2
Samsung,Galaxy Note33 #1380,8.0,128.0,5415.0,12.0,6.8,6,24.31
Asus,ROG Phone 6 #1106,8.0,256.0,4555.0,13.0,6.6,8,29.13
Realme,Realme 11 i #977,,32.0,5756.0,108.0,5.7,8,14.79
Xiaomi,Redmi 9 Pro+ #738,16.0,1024.0,5089.0,13.0,6.9,8,30.59
Xiaomi,Redmi Note 9 5G #191,8.0,128.0,5501.0,64.0,5.8,6,17.0
Apple,iPhone 14 Mini #919,2.0,512.0,4052.0,200.0,6.3,8,51.31
Apple,iPhone 15 Mini #456,6.0,256.0,3070.0,8.0,6.7,8,40.56
Google,Pixel 6 a #675,8.0,512.0,4694.0,,5.3,4,44.68
Vivo,V22 #760,8.0,64.0,5927.0,13.0,6.0,8,
Realme,Realme 9 Pro #1381,6.0,1024.0,3611.0,8.0,5.1,8,14.33
Samsung,Galaxy A52 #728,8.0,128.0,5186.0,50.0,5.1,8,31.35
Oppo,Reno10 Pro #412,6.0,32.0,5347.0,8.0,5.5,8,16.72
Realme,Realme 8 #825,4.0,256.0,4888.0,50.0,5.2,6,13.2
Apple,iPhone 12 Mini #616,,64.0,5778.0,200.0,5.9,6,46.88
Realme,Realme 11 Pro #114,,256.0,5497.0,12.0,6.7,8,14.77
Samsung,Galaxy S30 #417,4.0,1024.0,4525.0,8.0,5.3,6,24.26
Apple,iPhone 16 Pro Max #1457,3.0,256.0,3169.0,13.0,6.8,6,38.6
Asus,ROG Phone 5 #969,,128.0,5237.0,200.0,5.9,4,32.01
Realme,Realme 8 i #604,16.0,256.0,5502.0,64.0,5.5,6,21.83
Apple,iPhone 13 #1463,8.0,256.0,5948.0,12.0,6.0,8,39.55
Oppo,Reno9 Pro #89,8.0,256.0,5939.0,200.0,5.3,4,
Huawei,Nova 10 #848,6.0,256.0,4105.0,12.0,5.8,8,23.83
Samsung,Galaxy M46 #1168,8.0,64.0,5827.0,13.0,5.2,4,20.93
Samsung,Galaxy S39 #1462,2.0,256.0,3912.0,108.0,5.1,8,26.54
Xiaomi,Redmi 13 #753,8.0,512.0,4088.0,12.0,6.5,8,19.23
Asus,ROG Phone 6 #498,4.0,256.0,3895.0,50.0,6.8,6,26.0
Samsung,Galaxy M49 #11,,128.0,3127.0,13.0,5.7,8,26.52
Realme,Realme 10 i #396,4.0,128.0,3264.0,50.0,6.3,8,15.3
Asus,ROG Phone 7 #284,,128.0,5790.0,50.0,6.9,8,27.47
Xiaomi,Redmi 10 #1066,6.0,128.0,4409.0,48.0,6.7,8,18.55
Vivo,V24 Pro #690,12.0,256.0,3122.0,50.0,5.8,8,29.85
Xiaomi,Redmi Note 11 Pro+ #1279,6.0,1024.0,5358.0,50.0,5.9,8,25.37
Xiaomi,Redmi 11 Pro+ #1432,2.0,256.0,5784.0,108.0,5.6,8,15.35
Samsung,Galaxy S13 #689,8.0,128.0,3528.0,108.0,6.1,8,21.7
Apple,iPhone 15 Mini #851,8.0,128.0,5024.0,13.0,6.6,8,49.46
Apple,iPhone 11 Pro Max #159,6.0,64.0,5064.0,12.0,5.4,8,36.71
Xiaomi,Redmi 13 #895,8.0,128.0,5576.0,8.0,5.8,8,17.71
Samsung,Galaxy Z Flip28 #1214,6.0,512.0,4496.0,8.0,5.1,8,29.39
Xiaomi,Redmi Note 12 5G #257,3.0,128.0,5755.0,200.0,6.7,6,21.53
Asus,ROG Phone 5 #335,3.0,128.0,4070.0,108.0,5.7,6,20.54
Asus,ROG Phone 6 #1436,6.0,128.0,4943.0,8.0,5.2,6,27.68
Huawei,Nova 10 SE #1039,4.0,512.0,4271.0,108.0,5.2,8,27.59
Asus,ROG Phone 6 #515,2.0,128.0,4436.0,108.0,6.7,6,22.85
Samsung,Galaxy S14 #1015,12.0,128.0,4574.0,50.0,6.5,8,28.98
Apple,iPhone 11 Plus #768,6.0,1024.0,4106.0,64.0,6.8,8,58.18
Apple,iPhone 14 #1344,4.0,,4339.0,50.0,6.6,8,36.81
Apple,iPhone 12 Pro #761,12.0,32.0,5675.0,200.0,5.0,8,56.04
Nokia,Nokia C46 #744,2.0,64.0,4408.0,64.0,6.6,4,11.83
Realme,Realme 8 #521,12.0,128.0,5611.0,200.0,5.4,6,17.19
Xiaomi,Redmi Note 9 #22,12.0,1024.0,4852.0,50.0,5.6,4,25.19
Asus,ROG Phone 6 #356,12.0,256.0,3419.0,64.0,5.7,8,30.13
Asus,ROG Phone 6 #1299,6.0,256.0,4322.0,8.0,5.7,6,
Nokia,Nokia X29 #340,6.0,256.0,5877.0,64.0,5.8,6,16.44
Asus,ROG Phone 6 #431,6.0,256.0,3744.0,,5.9,6,26.15
Apple,iPhone 11 Mini #473,6.0,256.0,4573.0,200.0,5.1,8,55.71
Samsung,Galaxy Z Flip35 #217,8.0,128.0,4312.0,13.0,6.6,8,23.95
Google,Pixel 7 #911,12.0,256.0,3699.0,48.0,6.0,6,38.43
Huawei,Nova 9 Pro #1230,4.0,32.0,4604.0,200.0,5.7,8,21.21
Apple,iPhone 12 Mini #1011,2.0,256.0,5160.0,200.0,6.4,8,44.67
Xiaomi,Redmi Note 11 #1488,8.0,64.0,4127.0,48.0,6.0,8,17020000.0
Xiaomi,Redmi 9 #93,8.0,512.0,4828.0,13.0,6.3,4,14.0
Samsung,Galaxy S54 #1008,12.0,256.0,5045.0,,6.7,8,27.01
Xiaomi,Redmi 13 5G #1070,3.0,128.0,5782.0,8.0,5.6,8,15.65
Oppo,Reno8 Pro #1092,8.0,128.0,5378.0,64.0,5.4,8,22.1
Xiaomi,Redmi Note 9 Pro+ #696,3.0,128.0,4823.0,64.0,5.7,4,16.55
Vivo,V22 #1370,8.0,256.0,5119.0,8.0,6.6,6,20.46
Realme,Realme 9 #996,6.0,256.0,4508.0,8.0,5.8,6,15.01
Samsung,Galaxy A37 #153,16.0,128.0,3489.0,64.0,5.8,6,24.12
Xiaomi,Redmi 9 Pro #1099,4.0,256.0,5937.0,200.0,6.1,6,15.91
Vivo,V23 e #1327,4.0,256.0,5153.0,50.0,6.1,6,18.09
Oppo,Reno6 5G #837,4.0,128.0,3964.0,,6.1,6,17.76
Realme,Realme 11 #789,8.0,128.0,4232.0,200.0,5.2,6,19.7
Xiaomi,Redmi Note 13 5G #580,8.0,128.0,5928.0,8.0,6.3,8,21.4
Samsung,Galaxy M47 #703,8.0,512.0,4159.0,108.0,6.8,8,33.67
Samsung,Galaxy M31 #1286,6.0,,5791.0,13.0,6.7,8,22.5
Samsung,Galaxy Note36 #487,2.0,512.0,4910.0,200.0,6.4,6,29.42
Google,Pixel 7 Pro #559,,256.0,4801.0,48.0,5.2,8,31.1
Samsung,Galaxy Z Flip29 #1119,6.0,128.0,4332.0,48.0,5.6,8,
Apple,iPhone 16 Plus #801,16.0,128.0,5389.0,108.0,5.8,6,46.52
Xiaomi,Redmi Note 11 Pro #512,16.0,512.0,3338.0,64.0,5.3,8,29.66
Xiaomi,Redmi Note 11 Pro+ #633,4.0,256.0,5863.0,64.0,5.3,6,16.34
Realme,Realme 8 i #1131,4.0,128.0,3473.0,13.0,5.3,8,13.36
Apple,iPhone 11 Pro #1366,6.0,,5617.0,8.0,5.4,8,36.07
Realme,Realme 8 i #790,12.0,256.0,3368.0,13.0,6.0,8,18.18
Xiaomi,Redmi Note 12 Pro+ #116,,256.0,4141.0,12.0,6.3,8,16.28
Xiaomi,Redmi Note 9 #740,8.0,128.0,,12.0,6.8,8,19.19
Realme,Realme 9 i #1081,12.0,256.0,3437.0,8.0,5.9,8,17.56
Asus,ROG Phone 7 #830,8.0,128.0,5945.0,13.0,6.4,8,25.65
Xiaomi,Redmi Note 12 Pro+ #119,6.0,128.0,3761.0,13.0,5.1,6,16.01
Oppo,Reno7 5G #656,12.0,256.0,5623.0,13.0,6.0,4,20.98
Samsung,Galaxy S12 #1454,6.0,,4911.0,13.0,6.4,8,30.01
Samsung,Galaxy Z Flip51 #635,3.0,128.0,5627.0,13.0,5.8,8,22.78
Realme,Realme 9 #369,3.0,1024.0,3544.0,200.0,6.4,4,16.33
Samsung,Galaxy A54 #268,8.0,256.0,,108.0,6.5,6,34.84
Huawei,Nova 11 Pro #655,8.0,256.0,3422.0,64.0,6.1,8,26.25
Google,Pixel 7 a #935,4.0,64.0,3261.0,200.0,6.8,8,31.81
Apple,iPhone 12 #822,8.0,256.0,3635.0,200.0,6.8,8,43.66
Nokia,Nokia G37 #866,6.0,128.0,5811.0,64.0,6.4,8,15.95
Apple,iPhone 11 Pro #46,4.0,128.0,3167.0,13.0,5.5,8,50.71
Realme,Realme 8 i #1318,12.0,128.0,4459.0,12.0,6.6,8,16.76
Apple,iPhone 16 Plus #991,,256.0,4756.0,108.0,6.3,8,48.51
Oppo,Reno9 Pro #876,12.0,256.0,5193.0,50.0,6.0,8,28.79
Samsung,Galaxy Z Flip53 #773,3.0,1024.0,5777.0,8.0,6.4,8,25.85
Apple,iPhone 14 Pro #625,8.0,128.0,,48.0,5.9,8,39.04
Apple,iPhone 12 Plus #4,8.0,256.0,3502.0,12.0,6.5,8,30.46
NOKIA,Nokia G18 #1003,12.0,256.0,4244.0,64.0,5.0,8,18.53
Oppo,Reno10 Pro #1329,6.0,,5290.0,108.0,5.6,4,22.58
Apple,iPhone 11 Mini #263,6.0,128.0,4388.0,13.0,6.5,6,39.25
Samsung,Galaxy Z Flip26 #1208,2.0,256.0,3758.0,200.0,5.8,8,25.98
Apple,iPhone 15 Mini #1398,6.0,512.0,3570.0,13.0,5.6,8,51.77
Xiaomi,Redmi 9 Pro+ #443,6.0,128.0,3299.0,,6.9,8,22.68
Samsung,Galaxy Note41 #1002,16.0,128.0,4557.0,13.0,6.7,8,33.94
Nokia,Nokia X47 #1077,12.0,256.0,4833.0,12.0,5.7,6,18.57
Oppo,Reno6 5G #837,4.0,128.0,3964.0,,6.1,6,17.76
Samsung,Galaxy Z Flip37 #1368,,128.0,,64.0,5.9,6,22.59
Apple,iPhone 11 Mini #304,6.0,128.0,3992.0,,6.5,6,35.16
Nokia,Nokia X33 #1198,4.0,128.0,5523.0,8.0,6.2,8,15.15
Oppo,Reno9 #313,,128.0,3616.0,50.0,6.4,6,20.94
Realme,Realme 10 Pro #149,8.0,128.0,,64.0,5.3,8,172.2
Realme,Realme 9 i #1148,8.0,256.0,3776.0,50.0,6.5,8,18.67
Realme,Realme 9 #574,12.0,256.0,5577.0,64.0,5.5,4,16.3
Samsung,Galaxy Note38 #50,12.0,32.0,5667.0,108.0,5.2,4,22.88
Apple,iPhone 15 #1222,8.0,128.0,3870.0,48.0,6.1,8,453.7
Realme,Realme 11 Pro #726,8.0,256.0,5520.0,8.0,6.8,8,16.53
Vivo,V27 Pro #833,3.0,256.0,5225.0,13.0,5.3,8,20.23
Oppo,Reno11 Pro #1115,3.0,512.0,3722.0,13.0,6.3,8,19.03
Apple,iPhone 15 Pro Max #1166,6.0,512.0,4777.0,50.0,6.1,8,59.15
Xiaomi,Redmi 13 Pro+ #470,6.0,64.0,5461.0,48.0,6.1,8,21.2
Vivo,V28 Pro #971,8.0,64.0,3125.0,13.0,6.3,8,19.03
Realme,Realme 11 Pro #653,6.0,128.0,5273.0,12.0,5.8,4,15.45
Apple,iPhone 11 #399,16.0,64.0,3740.0,12.0,6.5,8,48.71
Realme,Realme 10 #511,8.0,64.0,,50.0,5.1,8,17.12
Apple,iPhone 16 Mini #320,8.0,256.0,5448.0,13.0,5.1,8,39.04
Asus,ROG Phone 5 #19,8.0,128.0,,12.0,5.2,4,19.55
Oppo,Reno7 5G #684,8.0,1024.0,5945.0,8.0,6.3,8,20.45
Oppo,Reno10 5G #35,8.0,128.0,5847.0,200.0,5.9,6,21.85
Xiaomi,Redmi Note 11 Pro+ #902,6.0,256.0,4713.0,48.0,5.5,8,20.86
Asus,ROG Phone 6 #827,3.0,256.0,4874.0,48.0,5.6,8,
Apple,iPhone 14 Pro Max #1373,8.0,256.0,5949.0,108.0,5.8,8,43.9
Xiaomi,Redmi 11 Pro #407,8.0,256.0,,12.0,5.9,6,20.24
Samsung,Galaxy Z Flip13 #920,8.0,256.0,5820.0,64.0,6.9,4,26.55
Apple,iPhone 12 Pro #537,6.0,128.0,4300.0,13.0,6.7,8,44.69
Samsung,Galaxy Note38 #758,4.0,,3448.0,50.0,6.5,6,18.99
Samsung,Galaxy M10 #1062,4.0,1024.0,5534.0,,6.8,8,24.25
Google,Pixel 8 a #245,8.0,512.0,3546.0,50.0,5.6,6,36.76
Apple,iPhone 12 Plus #1127,4.0,64.0,5373.0,48.0,6.3,8,48.51
Huawei,Nova 11 #784,8.0,256.0,5172.0,13.0,5.1,8,29.71
Samsung,Galaxy Note11 #489,2.0,256.0,5766.0,200.0,5.9,6,28.2
Huawei,Nova 8 #154,3.0,256.0,5559.0,64.0,5.8,4,21.86
Samsung,Galaxy Z Flip51 #961,8.0,,3169.0,48.0,5.2,8,
Asus,ROG Phone 6 #853,3.0,32.0,3965.0,12.0,6.8,8,18.4
Apple,iPhone 14 Pro #625,8.0,128.0,,48.0,5.9,8,39.04
Xiaomi,Redmi Note 13 #685,3.0,1024.0,4322.0,12.0,5.2,8,
Samsung,Galaxy Z Fold36 #569,6.0,128.0,3259.0,50.0,5.5,8,26.96
Realme,Realme 11 #1455,6.0,128.0,3510.0,13.0,5.8,4,11.1
Apple,iPhone 12 Pro #17,3.0,256.0,3089.0,8.0,5.6,8,42.43
Apple,iPhone 15 Plus #127,4.0,256.0,4111.0,108.0,6.6,4,33.24
Vivo,V26 #1296,6.0,256.0,5912.0,108.0,6.2,6,23.74
Samsung,Galaxy Z Fold20 #927,4.0,64.0,4319.0,12.0,6.2,8,22.39
Vivo,V28 e #980,12.0,256.0,4957.0,50.0,6.8,8,27.33
Asus,ROG Phone 5 #1499,4.0,64.0,5604.0,48.0,5.2,6,21.39
Realme,Realme 11 i #190,12.0,64.0,5397.0,50.0,6.0,8,14.4
Realme,Realme 10 Pro #1139,4.0,128.0,4464.0,12.0,5.6,6,13.45
Asus,ROG Phone 5 #992,8.0,256.0,4016.0,200.0,5.6,8,29.83
Realme,Realme 8 Pro #1493,6.0,128.0,4287.0,108.0,6.0,6,18.32
Xiaomi,Redmi Note 13 Pro #1278,6.0,128.0,5974.0,8.0,6.2,8,21.67
Google,Pixel 6 Pro #606,2.0,64.0,3949.0,108.0,6.8,6,25.65
Oppo,Reno11 5G #180,8.0,128.0,5903.0,13.0,5.1,8,21.19
Realme,Realme 11 #301,6.0,256.0,3020.0,8.0,6.4,8,16.81
Xiaomi,Redmi Note 13 #496,16.0,256.0,5278.0,200.0,6.4,8,30.68
Xiaomi,Redmi 10 Pro+ #1319,8.0,,5604.0,12.0,6.3,8,20.67
Vivo,V21 Pro #1283,,,5451.0,108.0,6.3,8,22.0
Oppo,Reno7 5G #1263,4.0,,3197.0,50.0,6.1,8,14.49
Asus,ROG Phone 7 #517,8.0,512.0,3750.0,13.0,6.7,8,23.63
Samsung,Galaxy Z Fold18 #1069,2.0,256.0,5396.0,8.0,6.8,8,25.27
Huawei,Nova 11 #476,6.0,64.0,4869.0,8.0,6.5,8,16.41
Xiaomi,Redmi 11 5G #157,6.0,256.0,3449.0,50.0,6.0,8,26.79
Google,Pixel 8 #1195,4.0,256.0,3685.0,13.0,6.6,8,31.78
Oppo,Reno10 5G #16,12.0,256.0,5839.0,48.0,6.8,8,26.46
Nokia,Nokia G22 #1072,8.0,512.0,4439.0,,5.8,8,16.24
Samsung,Galaxy M32 #1287,8.0,256.0,4085.0,12.0,6.2,8,23.77
Huawei,Nova 10 SE #546,8.0,128.0,3760.0,13.0,5.8,4,21.29
OPPO,Reno9 5G #658,6.0,128.0,4798.0,12.0,5.9,8,18.81
Apple,iPhone 13 #1252,16.0,1024.0,3314.0,64.0,6.4,8,59.03
Nokia,Nokia X35 #1019,6.0,,4329.0,50.0,5.4,6,15.11
Apple,iPhone 12 Pro #1284,8.0,512.0,3945.0,13.0,5.3,8,45.07
Apple,iPhone 14 #959,12.0,128.0,,64.0,6.2,4,45.32
Apple,iPhone 11 Pro #1438,4.0,256.0,4412.0,108.0,6.6,8,43.76
Samsung,Galaxy Z Fold14 #283,4.0,256.0,4075.0,,6.7,8,25.78
Samsung,Galaxy Z Flip37 #797,12.0,256.0,3115.0,12.0,5.2,6,26.41
Huawei,Nova 9 SE #225,4.0,256.0,4755.0,12.0,6.1,8,27.03
Oppo,Reno11 5G #26,12.0,256.0,3762.0,50.0,5.8,6,27.15
Oppo,Reno9 #437,6.0,256.0,3817.0,13.0,6.0,8,16.7
Realme,Realme 11 i #1487,4.0,128.0,4067.0,12.0,6.0,8,14.44
Nokia,Nokia G26 #229,6.0,128.0,5061.0,64.0,6.9,6,13.71
Samsung,Galaxy Z Flip29 #37,8.0,256.0,5674.0,108.0,6.3,8,27.59
Xiaomi,Redmi Note 12 Pro #749,8.0,512.0,5739.0,50.0,6.1,4,21.56
Realme,Realme 9 #1045,8.0,128.0,4325.0,8.0,6.6,8,16.81
Xiaomi,Redmi 9 Pro #469,12.0,512.0,4857.0,13.0,5.5,8,12.5
Asus,ROG Phone 6 #1358,,128.0,5934.0,50.0,6.4,6,20.83
Realme,Realme 10 Pro #1035,2.0,128.0,5408.0,8.0,6.4,6,13.49
Nokia,Nokia X24 #687,2.0,64.0,3673.0,200.0,6.3,8,18.35
SAMSUNG,Galaxy S50 #1407,12.0,64.0,5965.0,64.0,5.9,8,32.0
Samsung,Galaxy Z Flip31 #639,6.0,64.0,,64.0,5.2,6,27.66
Apple,iPhone 13 Pro #1322,4.0,64.0,5752.0,64.0,5.4,8,40.41
Vivo,V20 e #1218,12.0,1024.0,3602.0,108.0,5.7,8,27.2
Xiaomi,Redmi Note 12 5G #1158,12.0,64.0,3548.0,12.0,6.3,8,17.55
Samsung,Galaxy Note50 #1277,6.0,128.0,4850.0,12.0,6.8,6,18.55
Realme,Realme 8 Pro #1392,6.0,64.0,4586.0,64.0,5.6,8,15.82
Xiaomi,Redmi 12 5G #800,8.0,128.0,4671.0,,5.5,8,17.31
Realme,Realme 9 #160,8.0,256.0,4621.0,8.0,6.6,8,19.57
Apple,iPhone 12 Mini #956,8.0,1024.0,5379.0,64.0,5.6,8,46.6
Apple,iPhone 15 Plus #1186,8.0,128.0,,108.0,6.3,8,46.69
Xiaomi,Redmi 11 Pro+ #821,8.0,256.0,4004.0,13.0,5.4,6,21.16
Vivo,V25 Pro #1298,8.0,128.0,,64.0,5.1,8,19.73
Xiaomi,Redmi 12 #877,6.0,128.0,5375.0,8.0,6.4,8,17.52
Samsung,Galaxy Z Fold52 #913,8.0,64.0,4612.0,48.0,6.7,6,22.92
Google,Pixel 8 #152,3.0,512.0,4598.0,200.0,5.7,4,31.91
Apple,iPhone 13 Pro #1402,8.0,256.0,3408.0,12.0,5.1,6,39.66
Realme,Realme 10 i #509,4.0,32.0,5233.0,13.0,6.6,8,11.86
Nokia,Nokia G47 #1135,,128.0,4931.0,8.0,6.0,8,19.64
Realme,Realme 9 #1250,6.0,256.0,4411.0,12.0,6.6,8,19.88
Oppo,Reno9 5G #1285,6.0,,5796.0,12.0,6.6,6,19.32
Nokia,Nokia X14 #103,12.0,128.0,4152.0,200.0,5.8,8,14.89
SAMSUNG,Galaxy Z Flip27 #586,4.0,64.0,4570.0,108.0,6.2,6,24.42
Samsung,Galaxy Note54 #1356,8.0,256.0,3622.0,200.0,5.9,8,29.79
Oppo,Reno6 5G #1143,16.0,128.0,4827.0,13.0,6.0,6,22.69
Vivo,V20 #53,8.0,128.0,3225.0,12.0,5.7,4,14.55
Oppo,Reno9 #151,8.0,128.0,5704.0,64.0,5.9,8,19.41
Apple,iPhone 15 Plus #403,6.0,1024.0,3675.0,12.0,5.1,6,56.15
Samsung,Galaxy Note18 #1484,3.0,128.0,4608.0,50.0,5.5,8,23.3
Samsung,Galaxy Note23 #207,3.0,256.0,3312.0,108.0,5.7,4,23.08
Asus,ROG Phone 7 #1446,6.0,1024.0,5618.0,108.0,5.6,6,34.89
Google,Pixel 8 #1122,,64.0,3010.0,13.0,5.0,8,28.12
Apple,iPhone 15 Pro #1346,8.0,256.0,4041.0,50.0,6.2,8,44.04
Vivo,V26 #8,6.0,512.0,4802.0,8.0,5.6,6,20.11
Xiaomi,Redmi 12 5G #1014,4.0,256.0,3809.0,50.0,6.4,8,18.7
Apple,iPhone 11 Plus #1372,12.0,,3499.0,13.0,5.8,8,42.27
Realme,Realme 8 i #1060,4.0,128.0,3028.0,13.0,6.2,8,12.37
Oppo,Reno7 Pro #452,6.0,256.0,3325.0,50.0,6.5,8,20.6
Huawei,Nova 9 SE #253,6.0,256.0,5529.0,50.0,6.8,8,26.62
Realme,Realme 11 i #896,12.0,128.0,4363.0,13.0,6.6,8,20.84
Realme,Realme 11 Pro #1336,8.0,64.0,4650.0,108.0,6.8,8,19.7
Oppo,Reno9 5G #880,8.0,256.0,5194.0,48.0,5.2,6,26.33
Oppo,Reno9 #1442,,,4830.0,13.0,6.6,8,16.79
Samsung,Galaxy Z Fold40 #623,6.0,128.0,5298.0,64.0,5.8,8,23.39
Oppo,Reno6 #345,2.0,128.0,5121.0,13.0,5.3,8,
Apple,iPhone 14 Plus #1314,6.0,128.0,4680.0,13.0,6.2,8,45.61
Realme,Realme 10 i #262,16.0,,4104.0,13.0,6.7,4,18.29
Oppo,Reno11 #150,6.0,256.0,3744.0,64.0,6.0,6,20.07
Xiaomi,Redmi 12 5G #472,6.0,128.0,5374.0,,5.3,8,18.51
Samsung,Galaxy Z Fold39 #640,8.0,128.0,4648.0,50.0,5.2,6,20.99
Samsung,Galaxy S15 #136,16.0,1024.0,5493.0,200.0,6.1,6,46.71
Vivo,V22 e #1439,8.0,256.0,5493.0,200.0,5.5,8,22.83
Vivo,V26 e #550,,128.0,5827.0,13.0,5.3,6,
Vivo,V24 Pro #928,6.0,256.0,3253.0,50.0,6.0,8,
Apple,iPhone 13 Plus #488,12.0,64.0,5733.0,13.0,6.1,8,38.29
Nokia,Nokia G30 #1385,6.0,512.0,3722.0,64.0,6.5,6,18.02
Vivo,V27 e #1171,8.0,128.0,5098.0,200.0,6.6,8,
Apple,iPhone 14 Pro #146,16.0,256.0,5763.0,13.0,5.4,8,55.36
Apple,iPhone 12 Pro Max #402,8.0,128.0,,200.0,6.3,6,49.65
Xiaomi,Redmi 11 Pro #954,6.0,1024.0,4900.0,48.0,5.8,8,27.65
Oppo,Reno9 #1434,16.0,128.0,4041.0,108.0,5.5,8,24.54
Samsung,Galaxy Z Fold21 #659,2.0,512.0,5799.0,8.0,5.0,6,22.88
Xiaomi,Redmi 13 Pro+ #463,8.0,256.0,5351.0,108.0,6.1,6,19.19
Xiaomi,Redmi 9 #186,4.0,256.0,3760.0,8.0,6.1,8,18.02
Xiaomi,Redmi Note 12 Pro+ #1147,8.0,256.0,5498.0,108.0,6.5,6,22.03
Samsung,Galaxy Z Flip50 #1224,8.0,256.0,3496.0,200.0,5.2,6,25.42
Vivo,V29 e #608,8.0,256.0,3349.0,64.0,5.8,8,20.19
Oppo,Reno6 #143,4.0,128.0,4822.0,108.0,6.4,4,16.44
Xiaomi,Redmi Note 12 #751,4.0,128.0,4176.0,8.0,6.2,4,16.86
Apple,iPhone 15 Mini #981,12.0,64.0,5679.0,50.0,6.2,8,48.24
APPLE,iPhone 15 Pro #197,4.0,128.0,5488.0,13.0,6.0,8,41.77
Vivo,V25 #883,8.0,1024.0,4112.0,200.0,5.3,8,23.97
Samsung,Galaxy Z Flip45 #279,12.0,64.0,4000.0,200.0,6.2,6,32.76
Huawei,Nova 9 SE #293,8.0,256.0,5033.0,48.0,5.2,8,29.65
Samsung,Galaxy Z Flip21 #1393,8.0,64.0,,8.0,6.3,8,21.77
Samsung,Galaxy M14 #400,4.0,256.0,4274.0,13.0,6.4,8,18.9
REALME,Realme 10 Pro #122,8.0,1024.0,5558.0,200.0,5.2,8,24.48
Huawei,Nova 11 Pro #1207,4.0,128.0,5080.0,50.0,5.7,8,18.96
Google,Pixel 7 Pro #202,3.0,64.0,4579.0,108.0,6.8,8,26.27
Samsung,Galaxy S41 #835,8.0,128.0,,108.0,6.1,8,35.37
Vivo,V24 Pro #246,8.0,512.0,5244.0,12.0,5.2,6,17.62
Samsung,Galaxy M41 #1465,4.0,128.0,4670.0,64.0,6.0,6,25.41
Samsung,Galaxy S50 #1407,12.0,64.0,5965.0,64.0,5.9,8,32.0
Samsung,Galaxy M44 #1153,8.0,128.0,3546.0,13.0,5.7,8,21.8
Apple,iPhone 13 Plus #384,12.0,128.0,5926.0,13.0,5.9,8,44.11
Xiaomi,Redmi Note 13 Pro+ #1350,6.0,1024.0,4523.0,50.0,6.3,8,23.42
Samsung,Galaxy A47 #854,6.0,256.0,3292.0,64.0,6.0,6,23.37
Vivo,V29 Pro #219,8.0,256.0,,12.0,6.2,8,20.7
Xiaomi,Redmi 12 Pro #641,6.0,1024.0,3753.0,12.0,6.7,8,20.77
Apple,iPhone 15 #1,8.0,128.0,5879.0,48.0,5.9,8,43.35
Oppo,Reno8 5G #112,6.0,128.0,5280.0,64.0,5.8,4,16.83
Apple,iPhone 16 Plus #698,8.0,64.0,5599.0,,5.1,8,39.72
Xiaomi,Redmi Note 12 5G #1460,2.0,128.0,4203.0,8.0,6.1,8,14.36
Apple,iPhone 13 Pro Max #951,6.0,128.0,4436.0,13.0,6.0,8,
Oppo,Reno6 #1345,6.0,64.0,4244.0,108.0,6.1,4,22.06
Samsung,Galaxy S51 #1291,2.0,64.0,3539.0,200.0,5.9,8,26.55
Oppo,Reno8 #1382,6.0,512.0,4257.0,13.0,5.4,8,19.8
Realme,Realme 8 #441,6.0,128.0,5711.0,200.0,6.4,8,17.96
Vivo,V20 #1136,8.0,256.0,5264.0,,6.5,8,24.03
Apple,iPhone 13 Pro #1256,8.0,256.0,,48.0,5.8,8,46.5
Nokia,Nokia G32 #663,12.0,64.0,4672.0,108.0,5.2,6,18.11
Xiaomi,Redmi Note 12 Pro+ #1401,12.0,128.0,5816.0,200.0,5.0,4,24.78
Oppo,Reno8 5G #1257,2.0,256.0,4196.0,48.0,6.8,8,19.12
Oppo,Reno6 5G #1359,6.0,64.0,5346.0,108.0,6.7,8,20.59
Nokia,Nokia X16 #317,6.0,64.0,4232.0,12.0,6.8,8,14.07
Samsung,Galaxy S50 #648,6.0,128.0,3579.0,12.0,6.7,8,28.35
Oppo,Reno10 #709,6.0,128.0,5598.0,50.0,6.6,6,21.77
Samsung,Galaxy Z Fold41 #1282,16.0,128.0,5589.0,12.0,6.3,8,28.96
Oppo,Reno7 #972,4.0,64.0,3009.0,108.0,5.9,8,20.53
Samsung,Galaxy Z Flip53 #627,8.0,512.0,5782.0,108.0,6.1,4,32.2
Apple,iPhone 16 Mini #632,2.0,256.0,5193.0,200.0,6.2,8,55.47
Vivo,V22 e #1306,8.0,1024.0,3309.0,8.0,6.7,4,19.18
Vivo,V26 #1248,6.0,,4821.0,8.0,5.5,6,18.82
Samsung,Galaxy M41 #1491,16.0,64.0,5085.0,13.0,6.4,8,32.51
Apple,iPhone 11 Mini #1254,6.0,64.0,5421.0,200.0,6.4,4,39.6
Vivo,V25 Pro #1354,6.0,32.0,5080.0,200.0,5.9,6,14.26
Vivo,V26 e #1412,6.0,128.0,3467.0,200.0,5.6,6,18.47
Oppo,Reno11 5G #795,6.0,1024.0,3547.0,13.0,6.4,6,22.99
Nokia,Nokia G27 #645,4.0,128.0,4539.0,48.0,5.3,8,13.16
Vivo,V27 #1012,6.0,256.0,3941.0,200.0,6.6,6,21.07
Vivo,V23 e #556,4.0,256.0,5163.0,64.0,5.4,8,23.51
Xiaomi,Redmi Note 12 #681,6.0,64.0,5985.0,8.0,5.3,8,13.9
Oppo,Reno11 Pro #577,3.0,128.0,4458.0,13.0,6.9,8,14.19
Apple,iPhone 12 #1109,6.0,128.0,5031.0,200.0,5.5,6,38.06
XIAOMI,Redmi 10 5G #1266,8.0,128.0,5471.0,13.0,5.5,8,17.61
Oppo,Reno11 Pro #1183,2.0,128.0,4930.0,64.0,6.2,8,21.95
Apple,iPhone 16 Pro Max #524,6.0,256.0,5542.0,200.0,6.9,4,41.24
Xiaomi,Redmi Note 11 Pro #1059,8.0,512.0,4350.0,48.0,5.8,6,21.46
Oppo,Reno11 Pro #540,6.0,512.0,5306.0,13.0,6.8,8,19.33
Nokia,Nokia G17 #1194,6.0,1024.0,4318.0,8.0,6.4,6,14.38
Xiaomi,Redmi 10 #748,6.0,128.0,4090.0,50.0,5.8,8,15.43
Huawei,Nova 8 #1415,6.0,32.0,5706.0,13.0,6.5,8,22.06
Realme,Realme 10 #484,8.0,256.0,3492.0,48.0,6.5,8,21.43
Realme,Realme 9 Pro #95,,64.0,4283.0,64.0,5.9,6,13.71
Xiaomi,Redmi Note 9 Pro+ #1020,8.0,256.0,3506.0,12.0,6.4,8,18.18
Xiaomi,Redmi 10 5G #563,4.0,32.0,4890.0,50.0,6.7,6,13.96
Xiaomi,Redmi Note 9 #1264,4.0,64.0,3310.0,8.0,5.1,8,13.41
Apple,iPhone 14 #742,6.0,128.0,5083.0,48.0,5.7,6,42.07
Xiaomi,Redmi Note 13 5G #863,4.0,64.0,5959.0,64.0,6.4,8,
Oppo,Reno7 Pro #891,3.0,256.0,4163.0,200.0,5.4,8,23.73
Samsung,Galaxy Note30 #1038,4.0,32.0,4743.0,8.0,6.9,6,24.53
Apple,iPhone 15 Mini #206,12.0,64.0,4944.0,108.0,6.3,8,51.85
Xiaomi,Redmi Note 9 Pro #392,3.0,256.0,5048.0,108.0,5.7,6,15.44
Nokia,Nokia X35 #794,6.0,64.0,3693.0,48.0,6.8,6,
Oppo,Reno6 5G #870,4.0,128.0,3279.0,12.0,5.9,6,14.75
Samsung,Galaxy A50 #397,8.0,128.0,4389.0,13.0,6.5,8,29.44
Huawei,Nova 10 SE #766,3.0,64.0,4944.0,64.0,6.6,8,19.96
Apple,iPhone 12 Mini #1405,8.0,64.0,4904.0,50.0,6.5,4,41.46
Vivo,V24 #1241,12.0,1024.0,3007.0,64.0,5.2,6,17.4
Oppo,Reno8 Pro #1028,3.0,256.0,5951.0,12.0,6.2,8,18.8
Vivo,V21 Pro #642,,1024.0,5748.0,8.0,5.2,6,27.24
Apple,iPhone 14 Plus #612,,128.0,3968.0,50.0,5.1,6,40.07
Apple,iPhone 14 Mini #960,6.0,128.0,5679.0,108.0,6.5,6,52.59
Oppo,Reno6 5G #725,16.0,128.0,4927.0,50.0,5.3,4,28.14
Samsung,Galaxy S53 #683,6.0,128.0,4053.0,12.0,5.4,8,18.21
Nokia,Nokia C32 #98,2.0,256.0,4464.0,13.0,5.7,6,12.44
Asus,ROG Phone 5 #804,8.0,128.0,4398.0,8.0,6.4,8,31.98
Google,Pixel 6 #406,2.0,,5827.0,200.0,6.6,6,38.13
Samsung,Galaxy Z Fold50 #502,8.0,128.0,4921.0,64.0,5.1,6,24.01
Xiaomi,Redmi Note 9 Pro #1071,6.0,,5060.0,13.0,5.9,8,21.19
Samsung,Galaxy Note43 #1056,,128.0,4818.0,50.0,6.2,6,33.51
Vivo,V26 e #929,8.0,128.0,5402.0,13.0,6.8,8,19.07
Nokia,Nokia C25 #779,16.0,128.0,4308.0,50.0,5.9,8,16.22
Apple,iPhone 11 Pro #200,4.0,32.0,3577.0,48.0,5.8,8,35.11
Oppo,Reno6 Pro #134,4.0,256.0,4091.0,200.0,5.7,8,19.47
Realme,Realme 10 Pro #1051,6.0,128.0,4333.0,,6.1,8,15.45
Xiaomi,Redmi Note 9 5G #40,4.0,64.0,4203.0,108.0,5.8,8,
Oppo,Reno9 5G #1017,16.0,1024.0,5853.0,48.0,6.4,8,26.41
Realme,Realme 11 Pro #230,6.0,128.0,5640.0,64.0,6.9,8,17.42
Huawei,Nova 10 SE #378,,128.0,4278.0,48.0,5.8,6,18.76
Google,Pixel 8 a #288,6.0,256.0,4448.0,13.0,5.9,6,27.5
Realme,Realme 9 #418,12.0,128.0,3722.0,13.0,5.3,8,21.1
Xiaomi,Redmi Note 9 #391,8.0,128.0,,50.0,6.5,4,16.96
Samsung,Galaxy A12 #592,8.0,128.0,5120.0,200.0,5.9,6,21.81
Oppo,Reno6 #1162,12.0,32.0,5044.0,200.0,5.6,6,20.06
Apple,iPhone 11 #1086,8.0,1024.0,3345.0,,6.2,8,53.67
Apple,iPhone 11 Plus #647,6.0,256.0,4383.0,12.0,5.8,8,36.39
Oppo,Reno11 Pro #1152,6.0,256.0,4142.0,8.0,6.8,6,21.3
Apple,iPhone 14 #1367,16.0,64.0,4400.0,12.0,5.7,8,41.34
Oppo,Reno7 #520,8.0,64.0,5022.0,108.0,5.5,8,23.1
Xiaomi,Redmi Note 12 Pro #64,8.0,256.0,5956.0,48.0,5.9,8,20.58
Xiaomi,Redmi 13 #14,3.0,32.0,4853.0,50.0,6.6,8,13.93
Huawei,Nova 11 #1180,6.0,,3578.0,64.0,5.9,8,24.87
Asus,ROG Phone 6 #1064,6.0,256.0,4518.0,64.0,6.3,8,29.15
Samsung,Galaxy A45 #492,12.0,256.0,5798.0,108.0,6.6,8,34.82
Xiaomi,Redmi 10 Pro #379,12.0,128.0,3761.0,50.0,5.4,8,23.67
Google,Pixel 7 Pro #187,6.0,128.0,4015.0,50.0,6.8,6,37.18
Samsung,Galaxy A29 #763,16.0,,3637.0,13.0,5.0,6,34.09
Xiaomi,Redmi Note 11 Pro+ #216,4.0,64.0,3366.0,12.0,5.4,8,14.45
Huawei,Nova 9 #791,4.0,256.0,3107.0,8.0,5.2,8,20.49
Oppo,Reno6 #1076,12.0,128.0,4598.0,200.0,5.2,8,
Xiaomi,Redmi Note 10 5G #878,4.0,128.0,4919.0,200.0,5.1,8,17.69
Vivo,V24 e #337,12.0,256.0,4259.0,13.0,5.1,6,19.24
Xiaomi,Redmi 11 Pro #719,16.0,256.0,4071.0,108.0,6.6,8,30.18
Vivo,V26 #295,3.0,128.0,3168.0,200.0,6.4,8,21.58
Samsung,Galaxy Z Flip24 #1016,6.0,128.0,5597.0,50.0,6.5,8,26.4
Google,Pixel 7 a #1275,,64.0,4629.0,50.0,6.3,8,35.32
Oppo,Reno10 Pro #455,8.0,64.0,3944.0,12.0,5.4,6,21.43
Realme,Realme 10 Pro #547,4.0,128.0,4317.0,48.0,6.2,6,17.47
Google,Pixel 7 #815,8.0,64.0,4307.0,108.0,6.3,4,34.9
Samsung,Galaxy Note43 #269,8.0,256.0,5590.0,13.0,5.4,8,25.93
Oppo,Reno6 #995,12.0,256.0,3115.0,8.0,6.9,6,20.61
Xiaomi,Redmi 10 Pro #201,4.0,256.0,5253.0,48.0,6.5,8,
Xiaomi,Redmi 13 Pro+ #161,8.0,1024.0,5163.0,48.0,6.2,4,19.78
Vivo,V29 #729,8.0,128.0,5802.0,48.0,6.0,4,
Vivo,V28 #401,2.0,128.0,,108.0,6.5,8,19.3
Oppo,Reno6 #702,2.0,128.0,4060.0,13.0,5.8,4,13.88
Apple,iPhone 13 Mini #1129,12.0,32.0,4093.0,48.0,5.3,8,
Apple,iPhone 15 #565,4.0,512.0,3284.0,12.0,6.8,8,46.77
Asus,ROG Phone 6 #1413,12.0,1024.0,4145.0,48.0,5.1,6,32.73
Huawei,Nova 10 #1021,2.0,,4205.0,13.0,6.3,6,17.14
Samsung,Galaxy A12 #1025,2.0,128.0,3215.0,64.0,6.3,8,28.11
Nokia,Nokia X16 #1411,12.0,128.0,4724.0,12.0,5.1,8,15.24
Apple,iPhone 16 Pro Max #1104,8.0,32.0,5883.0,50.0,6.3,4,45.11
Apple,iPhone 13 Plus #205,6.0,256.0,3136.0,48.0,5.2,4,35.31
Realme,Realme 8 #34,3.0,512.0,3235.0,48.0,5.8,8,18.04
Asus,ROG Phone 5 #775,4.0,256.0,4855.0,50.0,5.4,6,31160000.0
Samsung,Galaxy S23 #508,6.0,32.0,3190.0,8.0,6.0,8,19.96
Oppo,Reno8 5G #1451,16.0,256.0,5553.0,64.0,6.6,8,22850000.0
Nokia,Nokia G41 #439,6.0,128.0,3730.0,12.0,5.7,8,15.08
Xiaomi,Redmi 11 Pro #1390,6.0,256.0,4350.0,13.0,5.9,8,15.54
Nokia,Nokia G13 #91,8.0,128.0,4376.0,50.0,6.0,6,16.97
Samsung,Galaxy Z Fold20 #1363,8.0,128.0,3118.0,13.0,5.2,8,27.11
Realme,Realme 8 #897,16.0,128.0,3993.0,48.0,5.5,8,21.99
SAMSUNG,Galaxy A41 #564,3.0,64.0,,64.0,5.0,8,25.48
Samsung,Galaxy S45 #1369,8.0,128.0,5024.0,48.0,5.2,4,24.15
Asus,ROG Phone 5 #776,6.0,256.0,4127.0,12.0,5.8,8,31.05
Google,Pixel 7 Pro #241,4.0,512.0,3272.0,13.0,5.6,8,28.54
Samsung,Galaxy Note14 #13,2.0,128.0,5491.0,13.0,5.6,8,23.69
Apple,iPhone 16 #315,8.0,256.0,3889.0,108.0,5.8,6,46.65
Oppo,Reno8 5G #600,12.0,128.0,5168.0,12.0,6.0,8,18.41
Asus,ROG Phone 5 #387,12.0,256.0,5723.0,12.0,5.3,4,25.53
Xiaomi,Redmi Note 10 5G #1297,12.0,32.0,5775.0,200.0,5.3,6,26.34
APPLE,iPhone 15 Pro #166,8.0,256.0,4573.0,50.0,5.2,8,52.73
Apple,iPhone 13 #840,12.0,256.0,4075.0,50.0,5.3,6,39.07
Xiaomi,Redmi 10 #20,3.0,64.0,3953.0,12.0,6.2,6,14.71
Samsung,Galaxy M49 #646,8.0,128.0,4833.0,48.0,5.1,8,23.76
Xiaomi,Redmi Note 11 Pro #1154,,64.0,5751.0,108.0,6.6,8,23.05
Xiaomi,Redmi 11 Pro #831,,128.0,4356.0,64.0,6.5,8,23.82
Realme,Realme 10 #1267,3.0,256.0,5154.0,8.0,6.1,6,11.21
Xiaomi,Redmi 9 Pro #562,2.0,256.0,4447.0,200.0,5.9,8,16.59
Oppo,Reno9 #1490,6.0,256.0,5890.0,12.0,5.1,8,19.7
Samsung,Galaxy M24 #686,3.0,256.0,4506.0,48.0,5.7,8,19.59
Apple,iPhone 12 Pro Max #957,16.0,256.0,4238.0,12.0,6.1,8,40.29
Samsung,Galaxy Z Flip11 #189,4.0,128.0,4310.0,12.0,5.2,6,16.13
Huawei,Nova 10 SE #975,4.0,128.0,4388.0,12.0,5.1,4,19.21
Samsung,Galaxy Z Flip47 #699,16.0,128.0,3173.0,50.0,6.2,6,30.56
Realme,Realme 9 i #510,4.0,64.0,4430.0,8.0,5.1,8,13.93
Xiaomi,Redmi Note 9 #1082,6.0,64.0,5884.0,64.0,5.4,8,10.68
Samsung,Galaxy Note48 #474,,512.0,3392.0,108.0,6.8,8,30.39
Xiaomi,Redmi 10 5G #856,12.0,1024.0,5751.0,48.0,6.3,8,24.92
Samsung,Galaxy Z Fold26 #747,8.0,512.0,3058.0,12.0,6.2,4,25.56
Vivo,V23 e #252,4.0,128.0,5058.0,48.0,6.3,8,18.65
Vivo,V28 e #21,6.0,,3090.0,108.0,5.5,6,17.2
Xiaomi,Redmi Note 11 5G #1337,2.0,128.0,4496.0,108.0,5.8,8,
Xiaomi,Redmi Note 13 Pro+ #459,2.0,1024.0,5801.0,12.0,5.6,6,17.4
Vivo,V22 Pro #1184,8.0,,5985.0,108.0,6.0,8,24.44
Xiaomi,Redmi Note 11 #276,4.0,256.0,3726.0,200.0,6.3,8,
Oppo,Reno9 Pro #955,6.0,128.0,3667.0,8.0,6.1,6,17.25
Samsung,Galaxy Note47 #1215,6.0,512.0,4788.0,50.0,6.8,8,32.92
Asus,ROG Phone 6 #385,4.0,,5651.0,108.0,5.9,8,30.25
Samsung,Galaxy Note28 #805,4.0,128.0,4205.0,64.0,5.3,8,28.12
Samsung,Galaxy S33 #1437,12.0,256.0,4720.0,12.0,6.2,8,35.26
Apple,iPhone 14 #343,8.0,256.0,4778.0,200.0,6.3,6,43.89
Samsung,Galaxy M38 #769,2.0,64.0,3851.0,50.0,5.1,8,20.96
Samsung,Galaxy Z Flip17 #1332,4.0,256.0,5461.0,200.0,5.4,8,32.55
Oppo,Reno10 #130,6.0,64.0,4827.0,,6.4,6,16.81
Realme,Realme 8 Pro #871,8.0,256.0,4556.0,200.0,5.0,8,20.69
Xiaomi,Redmi 11 Pro+ #1123,8.0,64.0,3933.0,12.0,5.9,8,16.46
Oppo,Reno9 #1396,8.0,256.0,5543.0,200.0,6.3,8,18.4
Vivo,V22 e #87,12.0,256.0,3855.0,108.0,6.7,6,
Realme,Realme 8 i #1482,6.0,256.0,3019.0,12.0,6.0,8,12.37
Xiaomi,Redmi 10 5G #330,3.0,256.0,,48.0,5.1,8,22.49
Xiaomi,Redmi Note 11 5G #1238,12.0,256.0,5263.0,13.0,6.0,8,18.86
Samsung,Galaxy Z Flip50 #466,12.0,64.0,5423.0,12.0,5.4,8,
VIVO,V28 e #121,6.0,32.0,3882.0,64.0,5.9,8,17.17
Realme,Realme 10 i #1044,16.0,512.0,3504.0,108.0,5.7,8,23.49
Vivo,V23 e #1095,6.0,64.0,3625.0,12.0,6.0,8,17.7
Samsung,Galaxy Z Fold35 #1130,8.0,64.0,3240.0,8.0,6.9,4,24.85
Google,Pixel 6 Pro #1294,8.0,256.0,,50.0,6.8,4,38.74
Vivo,V27 e #860,12.0,128.0,4779.0,108.0,6.8,8,27.2
Nokia,Nokia X23 #1459,16.0,128.0,5216.0,12.0,6.4,6,20.22
Oppo,Reno8 5G #1126,8.0,256.0,4782.0,12.0,5.2,8,21.22
